url,brand,product_name, sale_price , mrp 
https://in.puma.com/in/en/pd/majesty-leather-sneakers/312617?swatch=02,Puma,Majesty Leather Sneakers," ? 5,599.00 "," ? 7,999.00 "
https://in.puma.com/in/en/pd/blktop-rider-suede-sneakers/392725?swatch=19,Puma,Blktop Rider Suede Sneakers," ? 5,849.00 "," ? 8,999.00 "
https://in.puma.com/in/en/pd/mostro-sneakers/403812?swatch=04,Puma,Mostro Sneakers," ? 8,249.00 "," ? 10,999.00 "
https://in.puma.com/in/en/pd/softride-carson-hands-free-sliptech-walking-shoes/311724?swatch=08,Puma,Softride Carson Hands-free Sliptech Walking Shoes," ? 3,779.00 "," ? 5,999.00 "
https://in.puma.com/in/en/pd/v-s2-goalgetter-sneakers/403282?swatch=01,Puma,V-S2 Goalgetter Sneakers," ? 8,999.00 "," ? 9,999.00 "
https://in.puma.com/in/en/pd/electrify-nitro-3-knit-womens-running-shoes/379085?swatch=02,Puma,Electrify NITRO™ 3 Knit Women's Running Shoes," ? 7,499.00 "," ? 9,999.00 "
https://in.puma.com/in/en/pd/softride-symmetry-fuzion-running-shoes/311890?swatch=02,Puma,Softride Symmetry Fuzion Running Shoes,," ? 5,999.00 "
https://in.puma.com/in/en/pd/royalcat-softride-thong-strap-womens-flip-flops/396472?swatch=02,Puma,Royalcat Softride Thong-Strap Women's Flip Flops,," ? 2,499.00 "
https://in.puma.com/in/en/pd/easy-rider-vintage-everyday-comfort-sneakers/399028?swatch=35,Puma,Easy Rider Vintage Everyday Comfort Sneakers," ? 6,399.00 "," ? 7,999.00 "
https://in.puma.com/in/en/pd/rs-x-geek-advanced-cushioning-sneakers/402203?swatch=02,Puma,RS-X Geek Advanced Cushioning Sneakers," ? 8,799.00 "," ? 10,999.00 "
https://in.puma.com/in/en/pd/foreverrun-nitro-2-womens-running-shoes/310471?swatch=15,Puma,ForeverRun NITRO™ 2 Women's Running Shoes,," ? 14,999.00 "
https://in.puma.com/in/en/pd/x-cell-nova-fs-running-shoes/310936?swatch=01,Puma,X-Cell Nova FS Running Shoes," ? 5,249.00 "," ? 6,999.00 "
https://in.puma.com/in/en/pd/truffle-sneakers/387403?swatch=04,Puma,Truffle Sneakers," ? 2,924.00 "," ? 4,499.00 "
https://in.puma.com/in/en/pd/speedcat-full-leather-sneakers/405449?swatch=01,Puma,Speedcat Full Leather Sneakers," ? 6,749.00 "," ? 8,999.00 "
https://in.puma.com/in/en/pd/flymo-injex-flip-flops/399101?swatch=02,Puma,Flymo Injex Flip-Flops,," ? 1,399.00 "
https://in.puma.com/in/en/pd/court-shatter-low-sneakers/399844?swatch=04,Puma,Court Shatter Low Sneakers," ? 3,599.00 "," ? 5,999.00 "
https://in.puma.com/in/en/pd/mostro-og-prime-sneakers/403206?swatch=04,Puma,Mostro OG Prime Sneakers," ? 7,499.00 "," ? 9,999.00 "
https://in.puma.com/in/en/pd/puma-x-lamelo-ball-mb-05-crowd-surf-basketball-shoes/312132?swatch=01,Puma,PUMA x LAMELO BALL MB.05 Crowd Surf Basketball Shoes,," ? 13,999.00 "
https://in.puma.com/in/en/pd/future-7-ultimate-fg-ag-football-boots/107916?swatch=03,Puma,FUTURE 7 ULTIMATE FG/AG Football Boots," ? 11,399.00 "," ? 19,999.00 "
https://in.puma.com/in/en/pd/electrify-nitro-3-womens-running-shoes/378456?swatch=16,Puma,Electrify NITRO™ 3 Women's Running Shoes," ? 8,099.00 "," ? 8,999.00 "
https://in.puma.com/in/en/pd/blktop-rider-neo-vintage-sneakers/393151?swatch=03,Puma,Blktop Rider Neo Vintage Sneakers," ? 4,949.00 "," ? 8,999.00 "
https://in.puma.com/in/en/pd/puma-x-ray-slimmic-womens-sneakers/391861?swatch=02,Puma,Puma X-Ray Slimmic Women's Sneakers," ? 3,999.00 "," ? 4,999.00 "
https://in.puma.com/in/en/pd/foreverrun-nitro-2-womens-running-shoes/310471?swatch=16,Puma,ForeverRun NITRO™ 2 Women's Running Shoes,," ? 14,999.00 "
https://in.puma.com/in/en/pd/palermo-vintage-sneakers/396841?swatch=05,Puma,Palermo Vintage Sneakers,," ? 6,999.00 "
https://in.puma.com/in/en/pd/stewie-4-harry-potter-womens-basketball-shoes/312373?swatch=01,Puma,Stewie 4 Harry Potter™ Women's Basketball Shoes," ? 8,249.00 "," ? 10,999.00 "
https://in.puma.com/in/en/pd/arizona-euro-womens-mesh-suede-sneakers/403782?swatch=02,Puma,Arizona EURO Women's Mesh Suede Sneakers," ? 6,299.00 "," ? 8,999.00 "
https://in.puma.com/in/en/pd/badminton-smash-sprint-indoor-sports-shoes/109304?swatch=03,Puma,Badminton Smash Sprint Indoor Sports Shoes," ? 2,749.00 "," ? 4,999.00 "
https://in.puma.com/in/en/pd/flyer-runner-engineered-knit-womens-shoes/379994?swatch=02,Puma,Flyer Runner Engineered Knit Women's Shoes," ? 2,859.00 "," ? 5,499.00 "
https://in.puma.com/in/en/pd/conduct-pro-womens-running-shoes/312087?swatch=05,Puma,Conduct Pro Women’s Running Shoes," ? 7,649.00 "," ? 8,499.00 "
https://in.puma.com/in/en/pd/puma-army-trainer-all-day-comfort-sneakers/402701?swatch=01,Puma,PUMA Army Trainer All-Day Comfort Sneakers," ? 5,999.00 "," ? 7,999.00 "
https://in.puma.com/in/en/pd/royalcat-comfort-softride-daze-womens-slides/397159?swatch=01,Puma,Royalcat Comfort Softride Daze Women's Slides,," ? 2,999.00 "
https://in.puma.com/in/en/pd/deviate-nitro-2-womens-running-shoes/376855?swatch=17,Puma,Deviate NITRO™ 2 Women's Running Shoes," ? 11,999.00 "," ? 15,999.00 "
https://in.puma.com/in/en/pd/softride-pro-24-v-slides/401121?swatch=03,Puma,Softride Pro 24 V Slides,," ? 3,799.00 "
https://in.puma.com/in/en/pd/smash-tex-womens-sneakers/392764?swatch=01,Puma,Smash Tex Women's Sneakers," ? 3,599.00 "," ? 4,499.00 "
https://in.puma.com/in/en/pd/ultra-5-ultimate-fg-football-boots/107683?swatch=02,Puma,ULTRA 5 ULTIMATE FG Football Boots," ? 15,999.00 "," ? 19,999.00 "
https://in.puma.com/in/en/pd/inhale-mens-sneakers/401560?swatch=21,Puma,Inhale Men's Sneakers," ? 8,249.00 "," ? 10,999.00 "
https://in.puma.com/in/en/pd/palermo-moda-womens-leather-sneakers/397738?swatch=02,Puma,Palermo Moda Women's Leather Sneakers,," ? 6,999.00 "
https://in.puma.com/in/en/pd/rs-x-toys-sneakers/369449?swatch=23,Puma,RS-X Toys Sneakers," ? 5,199.00 "," ? 9,999.00 "
https://in.puma.com/in/en/pd/royalcat-softride-lumina-womens-flip-flops/399420?swatch=02,Puma,Royalcat Softride Lumina Women's Flip-Flops," ? 2,069.00 "," ? 2,299.00 "
https://in.puma.com/in/en/pd/mostro-og-prime-sneakers/403206?swatch=02,Puma,Mostro OG Prime Sneakers," ? 7,499.00 "," ? 9,999.00 "
https://in.puma.com/in/en/pd/suede-moccasin-casual-sneakers/401035?swatch=02,Puma,Suede Moccasin Casual Sneakers,," ? 10,999.00 "
https://in.puma.com/in/en/pd/accelerate-pro-4-multi-traction-indoor-badminton-shoes/108442?swatch=01,Puma,Accelerate Pro 4 Multi-Traction Indoor Badminton Shoes,," ? 8,999.00 "
https://in.puma.com/in/en/pd/softride-premier-ombre-running-shoes/311848?swatch=01,Puma,Softride Premier Ombre Running Shoes," ? 5,599.00 "," ? 6,999.00 "
https://in.puma.com/in/en/pd/king-indoor-sneakers/401683?swatch=01,Puma,King Indoor Sneakers," ? 8,249.00 "," ? 10,999.00 "
https://in.puma.com/in/en/pd/cirque-slip-on-womens-shoes/311846?swatch=03,Puma,Cirque Slip-On Women's Shoes,," ? 3,799.00 "
https://in.puma.com/in/en/pd/palermo-sneakers/396463?swatch=42,Puma,Palermo Sneakers,," ? 6,999.00 "
https://in.puma.com/in/en/pd/mayze-lux-womens-sneakers/401261?swatch=03,Puma,Mayze Lux Women's Sneakers," ? 4,159.00 "," ? 7,999.00 "
https://in.puma.com/in/en/pd/inverse-parallel-everyday-sneakers/404705?swatch=04,Puma,Inverse Parallel Everyday Sneakers," ? 9,599.00 "," ? 11,999.00 "
https://in.puma.com/in/en/pd/deviate-nitro-digitokyo-womens-running-shoes/312368?swatch=01,Puma,Deviate NITRO™ DIGITOKYO Women's Running Shoes,," ? 15,999.00 "
https://in.puma.com/in/en/pd/mostro-og-prime-sneakers/403206?swatch=03,Puma,Mostro OG Prime Sneakers," ? 7,499.00 "," ? 9,999.00 "
https://in.puma.com/in/en/pd/mostro-og-prime-sneakers/403206?swatch=15,Puma,Mostro OG Prime Sneakers," ? 7,499.00 "," ? 9,999.00 "
https://in.puma.com/in/en/pd/court-classic-lux-sneakers/404703?swatch=03,Puma,Court Classic Lux Sneakers," ? 4,124.00 "," ? 5,499.00 "
https://in.puma.com/in/en/pd/mostro-og-prime-sneakers/403206?swatch=01,Puma,Mostro OG Prime Sneakers," ? 7,499.00 "," ? 9,999.00 "
https://in.puma.com/in/en/pd/puma-army-trainer-all-day-comfort-sneakers/402701?swatch=02,Puma,PUMA Army Trainer All-Day Comfort Sneakers," ? 5,999.00 "," ? 7,999.00 "
https://in.puma.com/in/en/pd/seriah-womens-running-shoes/310595?swatch=04,Puma,Seriah Women's Running Shoes," ? 2,789.00 "," ? 4,499.00 "
https://in.puma.com/in/en/pd/inhale-smile-sneakers/402589?swatch=03,Puma,Inhale Smile Sneakers," ? 8,799.00 "," ? 10,999.00 "
https://in.puma.com/in/en/pd/electrify-nitro-3-womens-running-shoes/378456?swatch=04,Puma,Electrify NITRO™ 3 Women's Running Shoes," ? 8,099.00 "," ? 8,999.00 "
https://in.puma.com/in/en/pd/royalcat-memory-foam-slides/396064?swatch=01,Puma,Royalcat Memory Foam Slides,," ? 3,299.00 "
https://in.puma.com/in/en/pd/deviate-nitro-elite-womens-trail-running-shoes/310468?swatch=03,Puma,Deviate NITRO™ Elite Women's Trail Running Shoes,," ? 20,999.00 "
https://in.puma.com/in/en/pd/wave-womens-flip-flops/395845?swatch=01,Puma,Wave Women's Flip-Flops," ? 1,159.00 "," ? 1,999.00 "
https://in.puma.com/in/en/pd/aviator-running-shoes/195175?swatch=02,Puma,Aviator Running Shoes," ? 6,399.00 "," ? 7,999.00 "
https://in.puma.com/in/en/pd/speedcat-faded-sneakers/403688?swatch=03,Puma,Speedcat Faded Sneakers,," ? 9,999.00 "
https://in.puma.com/in/en/pd/easy-rider-mix-sneakers/399025?swatch=04,Puma,Easy Rider Mix Sneakers,," ? 7,999.00 "
https://in.puma.com/in/en/pd/softride-rift-swift-kicks-womens-running-shoes/310923?swatch=02,Puma,Softride Rift Swift Kicks Women's Running Shoes," ? 4,799.00 "," ? 5,999.00 "
https://in.puma.com/in/en/pd/deviate-nitro-elite-3-womens-running-shoes/309810?swatch=08,Puma,Deviate NITRO™ Elite 3 Women's Running Shoes,," ? 19,999.00 "
https://in.puma.com/in/en/pd/suede-classic-sneakers/399781?swatch=01,Puma,Suede Classic Sneakers,," ? 7,999.00 "
https://in.puma.com/in/en/pd/club-kayzer-superior-cushioning-casual-shoes/402603?swatch=02,Puma,Club Kayzer Superior Cushioning Casual Shoes," ? 4,399.00 "," ? 5,499.00 "
https://in.puma.com/in/en/pd/ragegryp-womens-running-shoes/310886?swatch=04,Puma,Ragegryp Women's Running Shoes,," ? 3,799.00 "
https://in.puma.com/in/en/pd/speedcat-ballet-womens-metallic-shoes/401581?swatch=01,Puma,Speedcat Ballet Women's Metallic Shoes,," ? 6,999.00 "
https://in.puma.com/in/en/pd/speedcat-suede-ballet-womens-shoes/401287?swatch=01,Puma,Speedcat Suede Ballet Women's Shoes,," ? 6,999.00 "
https://in.puma.com/in/en/pd/softride-seave-v1-flip-flops/391841?swatch=07,Puma,SOFTRIDE Seave V1 Flip-Flops,," ? 2,499.00 "
https://in.puma.com/in/en/pd/future-rider-twofold-sneakers/380591?swatch=07,Puma,Future Rider Twofold Sneakers," ? 4,499.00 "," ? 7,499.00 "
https://in.puma.com/in/en/pd/easy-rider-senorita-womens-retro-sneakers/403353?swatch=01,Puma,Easy Rider Senorita Women's Retro Sneakers," ? 7,199.00 "," ? 7,999.00 "
https://in.puma.com/in/en/pd/mb-01234-mash-up-lightweight-basketball-shoes/312855?swatch=01,Puma,MB.01234 Mash-Up Lightweight Basketball Shoes,," ? 13,999.00 "
https://in.puma.com/in/en/pd/hypnotic-all-day-comfort-sneakers/395235?swatch=12,Puma,Hypnotic All-Day Comfort Sneakers," ? 3,639.00 "," ? 6,999.00 "
https://in.puma.com/in/en/pd/all-pro-nitro-2-basketball-shoes/312307?swatch=04,Puma,All-Pro NITRO™ 2 Basketball Shoes,," ? 11,999.00 "
https://in.puma.com/in/en/pd/scuderia-ferrari-rs-x-mid-motorsport-sneakers/307959?swatch=03,Puma,Scuderia Ferrari RS-X Mid Motorsport Sneakers," ? 9,749.00 "," ? 12,999.00 "
https://in.puma.com/in/en/pd/inverse-shades-of-sneakers/402344?swatch=02,Puma,Inverse Shades Of Sneakers," ? 9,599.00 "," ? 11,999.00 "
https://in.puma.com/in/en/pd/palermo-premium-leather-sneakers/406000?swatch=01,Puma,Palermo Premium Leather Sneakers,," ? 7,999.00 "
https://in.puma.com/in/en/pd/easy-rider-mesh-retro-sneakers/399662?swatch=02,Puma,Easy Rider Mesh Retro Sneakers," ? 8,099.00 "," ? 8,999.00 "
https://in.puma.com/in/en/pd/long-distance-nitro-elite-3-lightweight-running-shoes/312330?swatch=01,Puma,Long Distance NITRO™ Elite 3 Lightweight Running Shoes,," ? 14,999.00 "
https://in.puma.com/in/en/pd/suede-charles-f--stead-iv-sneakers/403766?swatch=02,Puma,Suede Charles F. Stead IV Sneakers,," ? 10,999.00 "
https://in.puma.com/in/en/pd/daisy-womens-flip-flops/387542?swatch=06,Puma,Daisy Women's Flip Flops," ? 1,619.00 "," ? 1,799.00 "
https://in.puma.com/in/en/pd/puma-softride-seave-platform-flip-flops/391864?swatch=01,Puma,PUMA Softride Seave Platform Flip-Flops," ? 1,959.00 "," ? 2,799.00 "
https://in.puma.com/in/en/pd/speedcat-zebra-womens-sneakers/403356?swatch=01,Puma,Speedcat Zebra Women's Sneakers," ? 8,249.00 "," ? 10,999.00 "
https://in.puma.com/in/en/pd/easy-rider-thrive--triumph-all-day-sneakers/403289?swatch=02,Puma,Easy Rider Thrive & Triumph All-Day Sneakers," ? 7,199.00 "," ? 7,999.00 "
https://in.puma.com/in/en/pd/the-dagger-basketball-shoes/311353?swatch=09,Puma,The Dagger Basketball Shoes," ? 7,199.00 "," ? 8,999.00 "
https://in.puma.com/in/en/pd/suede-xl-sneakers/395205?swatch=01,Puma,Suede XL Sneakers,," ? 8,999.00 "
https://in.puma.com/in/en/pd/liberate-nitro-2-womens-running-shoes/377316?swatch=01,Puma,Liberate NITRO™ 2 Women's Running Shoes," ? 8,799.00 "," ? 10,999.00 "
https://in.puma.com/in/en/pd/solarflash-iii-indoor-sports-shoes/107850?swatch=06,Puma,Solarflash III Indoor Sports Shoes," ? 5,599.00 "," ? 6,999.00 "
https://in.puma.com/in/en/pd/softride-seave-aquaterra-lightweight-sandal/404540?swatch=01,Puma,Softride Seave Aquaterra Lightweight Sandal,," ? 3,499.00 "
https://in.puma.com/in/en/pd/slipstream-sportstyle-sneakers/404690?swatch=02,Puma,Slipstream Sportstyle Sneakers," ? 7,199.00 "," ? 8,999.00 "
https://in.puma.com/in/en/pd/pwr-nitro-sqd-2-womens-training-shoes/310147?swatch=14,Puma,PWR NITRO™ SQD 2 Women's Training Shoes,," ? 12,999.00 "
https://in.puma.com/in/en/pd/easy-rider-mix-sneakers/399025?swatch=01,Puma,Easy Rider Mix Sneakers," ? 5,999.00 "," ? 7,999.00 "
https://in.puma.com/in/en/pd/velocity-nitro-2-womens-running-shoes/376262?swatch=21,Puma,Velocity NITRO™ 2 Women's Running Shoes," ? 8,999.00 "," ? 11,999.00 "
https://in.puma.com/in/en/pd/ralph-sampson-lo-sneakers/370846?swatch=11,Puma,Ralph Sampson Lo Sneakers," ? 3,899.00 "," ? 7,499.00 "
https://in.puma.com/in/en/pd/x-ray-2-square-womens-superior-comfort-sneakers/404686?swatch=02,Puma,X-Ray 2 Square Women’s Superior Comfort Sneakers," ? 4,239.00 "," ? 7,999.00 "
https://in.puma.com/in/en/pd/silvia-v2-womens-slides/387980?swatch=04,Puma,Silvia V2 Women's Slides," ? 2,249.00 "," ? 2,499.00 "
https://in.puma.com/in/en/pd/mostro-spikes-sneakers/403818?swatch=01,Puma,Mostro Spikes Sneakers," ? 9,749.00 "," ? 12,999.00 "
https://in.puma.com/in/en/pd/deviate-nitro-3-womens-running-shoes/309708?swatch=20,Puma,Deviate NITRO™ 3 Women's Running Shoes,," ? 15,999.00 "
https://in.puma.com/in/en/pd/ascenso-sneakers/403307?swatch=04,Puma,Ascenso Sneakers,," ? 6,499.00 "
https://in.puma.com/in/en/pd/royalcat-comfort-softride-daze-womens-slides/397159?swatch=04,Puma,Royalcat Comfort Softride Daze Women's Slides,," ? 2,999.00 "
https://in.puma.com/in/en/pd/scuderia-ferrari-palermo-sneakers/308899?swatch=03,Puma,Scuderia Ferrari Palermo Sneakers,," ? 7,999.00 "
https://in.puma.com/in/en/pd/scuderia-ferrari-hp-speedcat-sneakers/308905?swatch=04,Puma,Scuderia Ferrari HP Speedcat Sneakers,," ? 10,999.00 "
https://in.puma.com/in/en/pd/rs-z-bp-sneakers/382650?swatch=01,Puma,RS-Z BP Sneakers," ? 5,199.00 "," ? 9,999.00 "
https://in.puma.com/in/en/pd/slipstream-bball-sneakers/404692?swatch=01,Puma,Slipstream Bball Sneakers," ? 4,799.00 "," ? 7,999.00 "
https://in.puma.com/in/en/pd/velocity-nitro-2-wtr-womens-running-shoes/376918?swatch=02,Puma,Velocity NITRO™ 2 WTR Women's Running Shoes," ? 10,399.00 "," ? 12,999.00 "
https://in.puma.com/in/en/pd/softride-sophia-2-womens-slip-on-shoes/311886?swatch=02,Puma,Softride Sophia 2 Women's Slip-On Shoes," ? 4,124.00 "," ? 5,499.00 "
https://in.puma.com/in/en/pd/puma-x-ray-slimmic-metallic-womens-sneakers/394651?swatch=01,Puma,PUMA X-Ray Slimmic Metallic Women's Sneakers," ? 3,574.00 "," ? 5,499.00 "
https://in.puma.com/in/en/pd/velocity-nitro-3-womens-running-shoes/309702?swatch=01,Puma,Velocity NITRO™ 3 Women's Running Shoes," ? 11,699.00 "," ? 12,999.00 "
https://in.puma.com/in/en/pd/deviate-nitro-3-womens-running-shoes/309708?swatch=22,Puma,Deviate NITRO™ 3 Women's Running Shoes,," ? 15,999.00 "
https://in.puma.com/in/en/pd/puma-x-harry-potter-palermo-2-leather-tongue-sneakers/405996?swatch=01,Puma,PUMA X HARRY POTTER Palermo 2 Leather Tongue Sneakers,," ? 7,999.00 "
https://in.puma.com/in/en/pd/all-pro-nitro-2-basketball-shoes/312307?swatch=03,Puma,All-Pro NITRO™ 2 Basketball Shoes,," ? 11,999.00 "
https://in.puma.com/in/en/pd/bmw-mms-neo-cat-mid-2-0-driving-shoes/309236?swatch=01,Puma,BMW MMS Neo Cat Mid 2.0 Driving Shoes," ? 4,679.00 "," ? 8,999.00 "
https://in.puma.com/in/en/pd/leadcat-2-0-slides/395229?swatch=02,Puma,Leadcat 2.0 Slides," ? 1,749.00 "," ? 2,499.00 "
https://in.puma.com/in/en/pd/puma-quickblaze-womens-lightweight-running-shoes/312507?swatch=01,Puma,PUMA QuickBlaze Women's Lightweight Running Shoes," ? 4,399.00 "," ? 5,499.00 "
https://in.puma.com/in/en/pd/puma-x-first-mile-velocity-nitro-2-womens-running-shoes/379114?swatch=01,Puma,PUMA x FIRST MILE Velocity NITRO™ 2 Women's Running Shoes," ? 10,399.00 "," ? 12,999.00 "
https://in.puma.com/in/en/pd/skyrocket-lite-ultra-lightweight-running-shoes/313354?swatch=01,Puma,Skyrocket Lite Ultra Lightweight Running Shoes," ? 6,299.00 "," ? 6,999.00 "
https://in.puma.com/in/en/pd/court-shatter-low-sneakers/399844?swatch=02,Puma,Court Shatter Low Sneakers," ? 3,899.00 "," ? 5,999.00 "
https://in.puma.com/in/en/pd/smash-comfort-sneakers/400357?swatch=01,Puma,Smash Comfort Sneakers," ? 2,999.00 "," ? 3,999.00 "
https://in.puma.com/in/en/pd/speedcat-suede-cafe-womens-ballet-shoes/406758?swatch=01,Puma,Speedcat Suede Cafe Women's Ballet Shoes,," ? 6,999.00 "
https://in.puma.com/in/en/pd/mostro-og-sneakers/397330?swatch=08,Puma,Mostro OG Sneakers," ? 7,499.00 "," ? 9,999.00 "
https://in.puma.com/in/en/pd/badminton-smash-sprint-indoor-sports-shoes/108127?swatch=01,Puma,Badminton Smash Sprint Indoor Sports Shoes," ? 2,749.00 "," ? 4,999.00 "
https://in.puma.com/in/en/pd/palermo-supertifo-sneakers/404700?swatch=02,Puma,Palermo Supertifo Sneakers," ? 5,999.00 "," ? 7,999.00 "
https://in.puma.com/in/en/pd/palermo-sp-sneakers/398383?swatch=01,Puma,Palermo S&P Sneakers,," ? 6,999.00 "
https://in.puma.com/in/en/pd/palermo-classic-comfort-low-boot-sneakers/402693?swatch=06,Puma,Palermo Classic Comfort Low Boot Sneakers," ? 5,249.00 "," ? 6,999.00 "
https://in.puma.com/in/en/pd/puma-x-lamelo-ball-mb-05-metallic-basketball-shoes/312480?swatch=01,Puma,PUMA x LAMELO BALL MB.05 Metallic Basketball Shoes,," ? 13,999.00 "
https://in.puma.com/in/en/pd/palermo-classic-comfort-low-boot-sneakers/402693?swatch=07,Puma,Palermo Classic Comfort Low Boot Sneakers," ? 5,249.00 "," ? 6,999.00 "
https://in.puma.com/in/en/pd/porsche-legacy-leadcat-2-0-slides/308857?swatch=03,Puma,Porsche Legacy Leadcat 2.0 Slides," ? 2,624.00 "," ? 3,499.00 "
https://in.puma.com/in/en/pd/rs-x-efekt-premium-athletics-sneakers/398203?swatch=01,Puma,RS-X Efekt Premium Athletics Sneakers," ? 6,239.00 "," ? 11,999.00 "
https://in.puma.com/in/en/pd/speedcat-full-leather-sneakers/405449?swatch=02,Puma,Speedcat Full Leather Sneakers," ? 6,749.00 "," ? 8,999.00 "
https://in.puma.com/in/en/pd/inhale-sonic-casual-sneakers/404366?swatch=01,Puma,Inhale SONIC Casual Sneakers," ? 8,249.00 "," ? 10,999.00 "
https://in.puma.com/in/en/pd/palermo-elevata-womens-leather-sneakers/400461?swatch=04,Puma,Palermo Elevata Women's Leather Sneakers,," ? 7,999.00 "
https://in.puma.com/in/en/pd/flexfocus-lite-better-knitrunning-shoes/379536?swatch=07,Puma,FlexFocus Lite Better KnitRunning Shoes,," ? 5,999.00 "
https://in.puma.com/in/en/pd/solarflash-iii-indoor-sports-shoes/107850?swatch=03,Puma,Solarflash III Indoor Sports Shoes," ? 5,599.00 "," ? 6,999.00 "
https://in.puma.com/in/en/pd/softride-sway-womens-running-shoes/310318?swatch=16,Puma,SOFTRIDE Sway Women's Running Shoes," ? 5,599.00 "," ? 6,999.00 "
https://in.puma.com/in/en/pd/puma-x-rose-speedcat-lea-womens-sneakers/404390?swatch=01,Puma,PUMA x ROSÉ Speedcat Lea Women's Sneakers,," ? 9,999.00 "
https://in.puma.com/in/en/pd/pwr-hybrid-multi-surface-grip-training-shoes/310282?swatch=17,Puma,PWR Hybrid Multi-Surface Grip Training Shoes," ? 5,999.00 "," ? 7,999.00 "
https://in.puma.com/in/en/pd/exoteric-womens-running-shoes/311131?swatch=02,Puma,Exoteric Women's Running Shoes," ? 4,499.00 "," ? 4,999.00 "
https://in.puma.com/in/en/pd/blktop-rider-vibrant-womens-sneakers/397321?swatch=05,Puma,Blktop Rider Vibrant Women's Sneakers," ? 8,099.00 "," ? 8,999.00 "
https://in.puma.com/in/en/pd/puma-x-rose-speedcat-womens-sneakers/404391?swatch=01,Puma,PUMA x ROSÉ Speedcat Women's Sneakers,," ? 9,999.00 "
https://in.puma.com/in/en/pd/arizona-leo-sneakers/403045?swatch=01,Puma,Arizona Leo Sneakers," ? 8,099.00 "," ? 8,999.00 "
https://in.puma.com/in/en/pd/speedcat-og-sneakers/398846?swatch=04,Puma,Speedcat OG Sneakers,," ? 9,999.00 "
https://in.puma.com/in/en/pd/speedcat-faded-sneakers/403688?swatch=04,Puma,Speedcat Faded Sneakers," ? 7,499.00 "," ? 9,999.00 "
https://in.puma.com/in/en/pd/royalcat-softride-lumina-womens-flip-flops/399420?swatch=05,Puma,Royalcat Softride Lumina Women's Flip-Flops,," ? 2,299.00 "
https://in.puma.com/in/en/pd/ultra-5-match-tt-football-boots/107892?swatch=01,Puma,ULTRA 5 MATCH TT Football Boots," ? 7,199.00 "," ? 7,999.00 "
https://in.puma.com/in/en/pd/puma-hoops-x-lafrance-amour-sneakers/310439?swatch=03,Puma,PUMA HOOPS x LAFRANCÉ Amour Sneakers," ? 8,999.00 "," ? 11,999.00 "
https://in.puma.com/in/en/pd/scend-progressive-womens-running-shoes/312108?swatch=01,Puma,Scend Progressive Women's Running Shoes," ? 4,499.00 "," ? 5,999.00 "
https://in.puma.com/in/en/pd/speedcat-lux-suede-sneakers/408198?swatch=01,Puma,Speedcat Lux Suede Sneakers,," ? 9,999.00 "
https://in.puma.com/in/en/pd/future-rider-play-on-sneakers/393473?swatch=26,Puma,Future Rider Play On Sneakers," ? 4,679.00 "," ? 8,999.00 "
https://in.puma.com/in/en/pd/the-dagger-basketball-shoes/311353?swatch=15,Puma,The Dagger Basketball Shoes," ? 6,749.00 "," ? 8,999.00 "
https://in.puma.com/in/en/pd/x-cell-nova-cat-womens-everyday-running-shoes/310686?swatch=08,Puma,X-Cell Nova CAT Women's Everyday Running Shoes," ? 5,599.00 "," ? 6,999.00 "
https://in.puma.com/in/en/pd/mostro-unlined-suede-sneakers/403174?swatch=01,Puma,Mostro Unlined Suede Sneakers," ? 8,249.00 "," ? 10,999.00 "
https://in.puma.com/in/en/pd/24-fh-rubber-cricket-shoes/107699?swatch=02,Puma,24 FH Rubber Cricket Shoes," ? 5,249.00 "," ? 6,999.00 "
https://in.puma.com/in/en/pd/palermo-supertifo-sneakers/404700?swatch=01,Puma,Palermo Supertifo Sneakers," ? 5,999.00 "," ? 7,999.00 "
https://in.puma.com/in/en/pd/royalcat-comfort-softride-daze-womens-slides/397159?swatch=05,Puma,Royalcat Comfort Softride Daze Women's Slides,," ? 2,999.00 "
https://in.puma.com/in/en/pd/future-7-ultimate-fg-ag-football-boots/107916?swatch=02,Puma,FUTURE 7 ULTIMATE FG/AG Football Boots," ? 15,999.00 "," ? 19,999.00 "
https://in.puma.com/in/en/pd/easy-rider-vintage-everyday-comfort-sneakers/399028?swatch=41,Puma,Easy Rider Vintage Everyday Comfort Sneakers," ? 7,199.00 "," ? 7,999.00 "
https://in.puma.com/in/en/pd/softride-seave-aquaterra-lightweight-sandal/404540?swatch=02,Puma,Softride Seave Aquaterra Lightweight Sandal,," ? 3,499.00 "
https://in.puma.com/in/en/pd/majesty-leather-sneakers/312617?swatch=01,Puma,Majesty Leather Sneakers,," ? 7,999.00 "
https://in.puma.com/in/en/pd/badminton-smash-sprint-indoor-sports-shoes/109304?swatch=02,Puma,Badminton Smash Sprint Indoor Sports Shoes," ? 2,749.00 "," ? 4,999.00 "
https://in.puma.com/in/en/pd/porsche-legacy-leadcat-2-0-slides/308857?swatch=04,Puma,Porsche Legacy Leadcat 2.0 Slides," ? 3,149.00 "," ? 3,499.00 "
https://in.puma.com/in/en/pd/majesty-leather-sneakers/312617?swatch=03,Puma,Majesty Leather Sneakers," ? 4,799.00 "," ? 7,999.00 "
https://in.puma.com/in/en/pd/king-ultimate-fg-ag-womens-football-boots/107565?swatch=04,Puma,KING ULTIMATE FG/AG Women's Football Boots," ? 9,499.00 "," ? 18,999.00 "
https://in.puma.com/in/en/pd/softride-sophia-2-womens-slip-on-shoes/311886?swatch=04,Puma,Softride Sophia 2 Women's Slip-On Shoes," ? 4,399.00 "," ? 5,499.00 "
https://in.puma.com/in/en/pd/scuderia-ferrari-tune-cat-motorsport-driving-shoes/308058?swatch=04,Puma,Scuderia Ferrari Tune Cat Motorsport Driving Shoes," ? 4,159.00 "," ? 7,999.00 "
https://in.puma.com/in/en/pd/speedcat-og-sneakers/398846?swatch=56,Puma,Speedcat OG Sneakers," ? 7,499.00 "," ? 9,999.00 "
https://in.puma.com/in/en/pd/elevata-gentle-meld-womens-palermo-sneakers/403344?swatch=02,Puma,Elevata Gentle Meld Women's Palermo Sneakers,," ? 7,999.00 "
https://in.puma.com/in/en/pd/softride-enzo-evo-running-shoes/312074?swatch=05,Puma,Softride Enzo Evo Running Shoes," ? 5,599.00 "," ? 6,999.00 "
https://in.puma.com/in/en/pd/softride-enzo-evo-running-shoes/377048?swatch=01,Puma,SOFTRIDE Enzo Evo Running Shoes," ? 5,249.00 "," ? 6,999.00 "
https://in.puma.com/in/en/pd/electrify-nitro-4-womens-everyday-running-shoes/310788?swatch=14,Puma,Electrify NITRO™ 4 Women's Everyday Running Shoes,," ? 8,999.00 "
https://in.puma.com/in/en/pd/electrify-nitro-2-womens-running-shoes/376898?swatch=12,Puma,Electrify NITRO™ 2 Women's Running Shoes," ? 8,799.00 "," ? 10,999.00 "
https://in.puma.com/in/en/pd/all-pro-nitro-superior-cushioning-basketball-shoes/379079?swatch=12,Puma,All-Pro NITRO™ Superior Cushioning Basketball Shoes," ? 9,749.00 "," ? 12,999.00 "
https://in.puma.com/in/en/pd/softridepro-leadpuff-womens-slides/311793?swatch=01,Puma,SoftridePro Leadpuff Women's Slides,," ? 3,499.00 "
https://in.puma.com/in/en/pd/scuderia-ferrari-speedcat-racing-shoes/307514?swatch=01,Puma,Scuderia Ferrari Speedcat Racing Shoes,," ? 9,999.00 "
https://in.puma.com/in/en/pd/puma-x-sonic-the-hedgehog-inverse-tails-shoes/404364?swatch=01,Puma,PUMA x Sonic the Hedgehog Inverse Tails Shoes," ? 9,599.00 "," ? 11,999.00 "
https://in.puma.com/in/en/pd/future-rider-play-on-sneakers/371149?swatch=25,Puma,Future Rider Play On Sneakers," ? 5,849.00 "," ? 8,999.00 "
https://in.puma.com/in/en/pd/palermo-classic-comfort-low-boot-sneakers/402693?swatch=05,Puma,Palermo Classic Comfort Low Boot Sneakers," ? 5,249.00 "," ? 6,999.00 "
https://in.puma.com/in/en/pd/fast-trac-apex-nitro-womens-running-shoes/378551?swatch=04,Puma,Fast-Trac Apex NITRO™ Women's Running Shoes," ? 10,399.00 "," ? 12,999.00 "
https://in.puma.com/in/en/pd/razz-womens-running-shoes/310598?swatch=01,Puma,Razz Women's Running Shoes,," ? 2,999.00 "
https://in.puma.com/in/en/pd/puma-softride-seave-platform-flip-flops/391864?swatch=02,Puma,PUMA Softride Seave Platform Flip-Flops,," ? 2,799.00 "
https://in.puma.com/in/en/pd/accelerate-nitro-sqd-untmd-handball-shoes/108415?swatch=01,Puma,Accelerate NITRO™ SQD UNTMD Handball Shoes,," ? 12,999.00 "
https://in.puma.com/in/en/pd/meza-running-shoes/312044?swatch=02,Puma,Meza Running Shoes," ? 5,599.00 "," ? 6,999.00 "
https://in.puma.com/in/en/pd/fenty-x-puma-creeper-phatty-earth-tone-sneakers/396813?swatch=01,Puma,FENTY x PUMA Creeper Phatty Earth Tone Sneakers,," ? 11,999.00 "
https://in.puma.com/in/en/pd/softride-frequence-street-running-shoes/311727?swatch=02,Puma,Softride Frequence Street Running Shoes," ? 4,549.00 "," ? 6,999.00 "
https://in.puma.com/in/en/pd/bmw-mms-neo-cat-mid-2-0-driving-shoes/309236?swatch=02,Puma,BMW MMS Neo Cat Mid 2.0 Driving Shoes," ? 4,949.00 "," ? 8,999.00 "
https://in.puma.com/in/en/pd/speedcat-plus-sneakers/402995?swatch=04,Puma,Speedcat Plus Sneakers," ? 8,249.00 "," ? 10,999.00 "
https://in.puma.com/in/en/pd/puma-x-ripndip-inhale-sneakers/403648?swatch=01,Puma,PUMA x RIPNDIP Inhale Sneakers," ? 8,799.00 "," ? 10,999.00 "
https://in.puma.com/in/en/pd/fast-r-nitro-elite-3-womens-running-shoes/312061?swatch=01,Puma,FAST-R NITRO™ Elite 3 Women's Running Shoes,," ? 23,999.00 "
https://in.puma.com/in/en/pd/bmw-motorsport-caven-2-0-sneakers/309174?swatch=01,Puma,BMW Motorsport Caven 2.0 Sneakers,," ? 6,999.00 "
https://in.puma.com/in/en/pd/elevata-gentle-meld-womens-palermo-sneakers/403344?swatch=01,Puma,Elevata Gentle Meld Women's Palermo Sneakers,," ? 7,999.00 "
https://in.puma.com/in/en/pd/voyage-nitro-3-womens-running-shoes/377746?swatch=04,Puma,Voyage NITRO™ 3 Women's Running Shoes,," ? 12,999.00 "
https://in.puma.com/in/en/pd/ca-pro-classic-leather-sneakers/402538?swatch=06,Puma,CA Pro Classic Leather Sneakers," ? 5,999.00 "," ? 7,999.00 "
https://in.puma.com/in/en/pd/bowling-24-1-cricket-shoes/107697?swatch=01,Puma,Bowling 24.1 Cricket Shoes," ? 11,199.00 "," ? 13,999.00 "
https://in.puma.com/in/en/pd/mostro-sneakers/403812?swatch=02,Puma,Mostro Sneakers," ? 8,249.00 "," ? 10,999.00 "
https://in.puma.com/in/en/pd/palermo-sneakers/396463?swatch=20,Puma,Palermo Sneakers,," ? 6,999.00 "
https://in.puma.com/in/en/pd/velocity-nitro-2-gore-tex-womens-trail-running-shoes/377508?swatch=04,Puma,Velocity NITRO™ 2 GORE-TEX® Women's Trail Running Shoes," ? 10,499.00 "," ? 13,999.00 "
https://in.puma.com/in/en/pd/inverse-cityscape-sneakers/404054?swatch=01,Puma,Inverse Cityscape Sneakers," ? 10,799.00 "," ? 11,999.00 "
https://in.puma.com/in/en/pd/softride-carson-hands-free-sliptech-walking-shoes/311724?swatch=03,Puma,Softride Carson Hands-free Sliptech Walking Shoes," ? 3,779.00 "," ? 5,999.00 "
https://in.puma.com/in/en/pd/king-indoor-sneakers/401683?swatch=11,Puma,King Indoor Sneakers," ? 8,799.00 "," ? 10,999.00 "
https://in.puma.com/in/en/pd/magnify-nitro-3-high-cushion-performance-womens-running-shoes/311047?swatch=04,Puma,Magnify NITRO™ 3 High Cushion Performance Women's Running Shoes," ? 11,249.00 "," ? 14,999.00 "
https://in.puma.com/in/en/pd/bowling-24-1-cricket-shoes/107697?swatch=02,Puma,Bowling 24.1 Cricket Shoes," ? 11,199.00 "," ? 13,999.00 "
https://in.puma.com/in/en/pd/adelina-womens-ballerina-shoes/395002?swatch=07,Puma,Adelina Women's Ballerina Shoes," ? 2,599.00 "," ? 3,999.00 "
https://in.puma.com/in/en/pd/king-indoor-sneakers/401683?swatch=03,Puma,King Indoor Sneakers," ? 8,799.00 "," ? 10,999.00 "
https://in.puma.com/in/en/pd/palermo-premium-leather-sneakers/406000?swatch=02,Puma,Palermo Premium Leather Sneakers,," ? 7,999.00 "
https://in.puma.com/in/en/pd/inhale-casual-sneakers/406513?swatch=01,Puma,Inhale Casual Sneakers," ? 7,999.00 "," ? 9,999.00 "
https://in.puma.com/in/en/pd/cassia-womens-sneakers/384647?swatch=23,Puma,Cassia Women's Sneakers," ? 4,799.00 "," ? 7,999.00 "
https://in.puma.com/in/en/pd/softride-premier-glideknit-walking-shoes/312706?swatch=01,Puma,Softride Premier GlideKnit Walking Shoes," ? 4,124.00 "," ? 5,499.00 "
https://in.puma.com/in/en/pd/24-fh-rubber-cricket-shoes/107699?swatch=01,Puma,24 FH Rubber Cricket Shoes," ? 5,249.00 "," ? 6,999.00 "
https://in.puma.com/in/en/pd/mostro-kreature-sneakers/403630?swatch=01,Puma,Mostro Kreature Sneakers," ? 10,499.00 "," ? 13,999.00 "
https://in.puma.com/in/en/pd/cali-court-luxe-womens-sneakers/401281?swatch=01,Puma,Cali Court Luxe Women's Sneakers," ? 5,999.00 "," ? 7,999.00 "
https://in.puma.com/in/en/pd/ultra-5-ultimate-fg-football-boots/107683?swatch=01,Puma,ULTRA 5 ULTIMATE FG Football Boots," ? 15,999.00 "," ? 19,999.00 "
https://in.puma.com/in/en/pd/speedcat-suede-ballet-womens-shoes/401287?swatch=06,Puma,Speedcat Suede Ballet Women's Shoes,," ? 6,999.00 "
https://in.puma.com/in/en/pd/purecat-slides/360262?swatch=02,Puma,Purecat Slides," ? 1,274.00 "," ? 1,699.00 "
https://in.puma.com/in/en/pd/palermo-sneakers/402692?swatch=08,Puma,Palermo Sneakers,," ? 6,999.00 "
https://in.puma.com/in/en/pd/pwr-nitro-sqd-2-training-shoes/310150?swatch=03,Puma,PWR NITRO™ SQD 2 Training Shoes," ? 11,699.00 "," ? 12,999.00 "
https://in.puma.com/in/en/pd/cell-thrill-running-shoes/310168?swatch=07,Puma,Cell Thrill Running Shoes," ? 4,399.00 "," ? 5,499.00 "
https://in.puma.com/in/en/pd/nova-elite-womens-padel-boots/108289?swatch=01,Puma,NOVA Elite Women's Padel Boots," ? 10,799.00 "," ? 11,999.00 "
https://in.puma.com/in/en/pd/speedcat-plus-quilted-sneakers/403429?swatch=01,Puma,Speedcat Plus Quilted Sneakers,," ? 10,999.00 "
https://in.puma.com/in/en/pd/velocity-nitro-2-fade-womens-running-shoes/378527?swatch=03,Puma,Velocity NITRO™ 2 Fade Women's Running Shoes," ? 8,999.00 "," ? 11,999.00 "
https://in.puma.com/in/en/pd/pwr-hybrid-womens-training-shoes/310477?swatch=13,Puma,PWR Hybrid Women's Training Shoes," ? 6,399.00 "," ? 7,999.00 "
https://in.puma.com/in/en/pd/softride-frequence-street-womens-running-shoes/312729?swatch=01,Puma,Softride Frequence Street Women's Running Shoes," ? 5,249.00 "," ? 6,999.00 "
https://in.puma.com/in/en/pd/wild-rider-rollin-sneakers/381517?swatch=04,Puma,Wild Rider Rollin' Sneakers," ? 4,679.00 "," ? 8,999.00 "
https://in.puma.com/in/en/pd/palermo-sneakers/402692?swatch=07,Puma,Palermo Sneakers,," ? 6,999.00 "
https://in.puma.com/in/en/pd/caven-2-0-lux-res-sneakers/404698?swatch=01,Puma,Caven 2.0 Lux Res Sneakers,," ? 6,499.00 "
https://in.puma.com/in/en/pd/harrow-womens-sneakers/391515?swatch=02,Puma,Harrow Women's Sneakers," ? 3,199.00 "," ? 3,999.00 "
https://in.puma.com/in/en/pd/softride-symmetry-fuzion-running-shoes/311890?swatch=01,Puma,Softride Symmetry Fuzion Running Shoes,," ? 5,999.00 "
https://in.puma.com/in/en/pd/mostro-og-prime-sneakers/403206?swatch=08,Puma,Mostro OG Prime Sneakers," ? 7,499.00 "," ? 9,999.00 "
https://in.puma.com/in/en/pd/court-shatter-low-sneakers/399844?swatch=06,Puma,Court Shatter Low Sneakers," ? 3,299.00 "," ? 5,999.00 "
https://in.puma.com/in/en/pd/electrify-nitro-3-womens-running-shoes/310488?swatch=01,Puma,Electrify NITRO™ 3 Women's Running Shoes," ? 6,749.00 "," ? 8,999.00 "
https://in.puma.com/in/en/pd/bmw-m-motorsport-drift-cat-decima-sneakers/309232?swatch=02,Puma,BMW M Motorsport Drift Cat Decima Sneakers," ? 4,959.00 "," ? 7,999.00 "
https://in.puma.com/in/en/pd/deviate-nitro-3-wide-womens-running-shoes/378450?swatch=05,Puma,Deviate NITRO™ 3 WIDE Women's Running Shoes,," ? 15,999.00 "
https://in.puma.com/in/en/pd/wave-flip-flops/390142?swatch=14,Puma,Wave Flip-Flops," ? 1,159.00 "," ? 1,999.00 "
https://in.puma.com/in/en/pd/all-pro-nitro-2-responsive-basketball-shoes/311521?swatch=01,Puma,All-Pro Nitro 2 Responsive Basketball Shoes," ? 10,399.00 "," ? 12,999.00 "
https://in.puma.com/in/en/pd/mid-distance-nitro-elite-3-spike-running-shoes/312637?swatch=01,Puma,Mid Distance NITRO™ Elite 3 Spike Running Shoes,," ? 16,999.00 "
https://in.puma.com/in/en/pd/bmw-motorsport-caven-2-0-sneakers/309174?swatch=02,Puma,BMW Motorsport Caven 2.0 Sneakers,," ? 6,999.00 "
https://in.puma.com/in/en/pd/velocity-nitro-3-womens-running-shoes/377749?swatch=08,Puma,Velocity NITRO™ 3 Women's Running Shoes," ? 11,699.00 "," ? 12,999.00 "
https://in.puma.com/in/en/pd/carina-2-0-womens-sneakers/401345?swatch=01,Puma,Carina 2.0 Women's Sneakers," ? 2,999.00 "," ? 4,999.00 "
https://in.puma.com/in/en/pd/king-ultimate-fg-ag-womens-football-boots/107869?swatch=02,Puma,KING ULTIMATE FG/AG Women's Football Boots," ? 11,399.00 "," ? 19,999.00 "
https://in.puma.com/in/en/pd/cell-thrill-womens-comfort-running-shoes/312086?swatch=02,Puma,Cell Thrill Women's Comfort Running Shoes,," ? 5,499.00 "
https://in.puma.com/in/en/pd/puma-x-rick-and-morty-rs-surge-sneakers/403654?swatch=01,Puma,PUMA x RICK AND MORTY RS Surge Sneakers,," ? 11,999.00 "
https://in.puma.com/in/en/pd/mb-05-voltage-basketball-shoes/312131?swatch=01,Puma,MB.05 Voltage Basketball Shoes," ? 11,199.00 "," ? 13,999.00 "
https://in.puma.com/in/en/pd/silvia-v2-womens-slides/387980?swatch=05,Puma,Silvia V2 Women's Slides," ? 2,249.00 "," ? 2,499.00 "
https://in.puma.com/in/en/pd/spike-24-2-ultralight-cricket-shoes/107698?swatch=01,Puma,Spike 24.2 Ultralight Cricket Shoes," ? 6,399.00 "," ? 7,999.00 "
https://in.puma.com/in/en/pd/galaxy-comfort-v4-flip-flops/388831?swatch=01,Puma,Galaxy Comfort V4 Flip-Flops,," ? 2,299.00 "
https://in.puma.com/in/en/pd/ragegryp-womens-running-shoes/310886?swatch=01,Puma,Ragegryp Women's Running Shoes,," ? 3,799.00 "
https://in.puma.com/in/en/pd/smash-comfort-sneakers/400357?swatch=02,Puma,Smash Comfort Sneakers," ? 2,999.00 "," ? 3,999.00 "
https://in.puma.com/in/en/pd/conduct-pro-womens-running-shoes/310315?swatch=13,Puma,Conduct Pro Women's Running Shoes," ? 5,624.00 "," ? 7,499.00 "
https://in.puma.com/in/en/pd/club-kayzer-superior-cushioning-casual-shoes/402603?swatch=07,Puma,Club Kayzer Superior Cushioning Casual Shoes," ? 4,399.00 "," ? 5,499.00 "
https://in.puma.com/in/en/pd/softride-pro-echo-slip-on-womens-shoes/310889?swatch=03,Puma,Softride Pro Echo Slip-On Women's Shoes," ? 4,499.00 "," ? 5,999.00 "
https://in.puma.com/in/en/pd/softride-symmetry-running-shoes/311885?swatch=01,Puma,Softride Symmetry Running Shoes," ? 5,599.00 "," ? 6,999.00 "
https://in.puma.com/in/en/pd/speedcat-og-sneakers/398846?swatch=43,Puma,Speedcat OG Sneakers," ? 7,499.00 "," ? 9,999.00 "
https://in.puma.com/in/en/pd/shibusa-slides/401278?swatch=05,Puma,Shibusa Slides,," ? 2,299.00 "
https://in.puma.com/in/en/pd/magmax-nitro-womens-maximum-cushioning-running-shoes/310089?swatch=13,Puma,MagMax NITRO™ Women's Maximum Cushioning Running Shoes,," ? 16,999.00 "
https://in.puma.com/in/en/pd/king-indoor-sneakers/401683?swatch=04,Puma,King Indoor Sneakers," ? 8,799.00 "," ? 10,999.00 "
https://in.puma.com/in/en/pd/blktop-rider-suede-sneakers/392725?swatch=06,Puma,Blktop Rider Suede Sneakers," ? 8,099.00 "," ? 8,999.00 "
https://in.puma.com/in/en/pd/speedcat-suede-ballet-womens-shoes/401287?swatch=02,Puma,Speedcat Suede Ballet Women's Shoes,," ? 6,999.00 "
https://in.puma.com/in/en/pd/all-pro-nitro-2-puma-x-e-t--basketball-shoes/312313?swatch=01,Puma,All-Pro NITRO™ 2 PUMA x E.T. Basketball Shoes,," ? 12,999.00 "
https://in.puma.com/in/en/pd/palermo-moda-elevated-womens-sneakers/398527?swatch=02,Puma,Palermo Moda Elevated Women's Sneakers,," ? 6,999.00 "
https://in.puma.com/in/en/pd/all-pro-nitro-crowd-craze-basketball-shoes/310387?swatch=01,Puma,All-Pro NITRO™ Crowd Craze Basketball Shoes," ? 10,499.00 "," ? 13,999.00 "
https://in.puma.com/in/en/pd/mostro-metal-sneakers/403188?swatch=01,Puma,Mostro Metal Sneakers," ? 8,249.00 "," ? 10,999.00 "
https://in.puma.com/in/en/pd/suzzana-slip-v1-womens-flip-flops/388818?swatch=04,Puma,Suzzana Slip V1 Women's Flip-Flops," ? 1,099.00 "," ? 1,999.00 "
https://in.puma.com/in/en/pd/f1-inhale-75-yrs-sneakers/308889?swatch=03,Puma,F1 Inhale 75 YRS Sneakers," ? 9,899.00 "," ? 10,999.00 "
https://in.puma.com/in/en/pd/lex-womens-training-shoes/376211?swatch=08,Puma,Lex Women's Training Shoes," ? 4,799.00 "," ? 5,999.00 "
https://in.puma.com/in/en/pd/puma-x-ripndip-suede-xl-sneakers/403651?swatch=01,Puma,PUMA x RIPNDIP Suede XL Sneakers,," ? 9,999.00 "
https://in.puma.com/in/en/pd/pwr-nitro-sqd-2-training-shoes/310150?swatch=17,Puma,PWR NITRO™ SQD 2 Training Shoes," ? 11,699.00 "," ? 12,999.00 "
https://in.puma.com/in/en/pd/conduct-pro-womens-running-shoes/312087?swatch=04,Puma,Conduct Pro Women’s Running Shoes," ? 7,649.00 "," ? 8,499.00 "
https://in.puma.com/in/en/pd/pwrframe-op-1-abstract-sneakers/382649?swatch=02,Puma,PWRFRAME OP-1 Abstract Sneakers," ? 5,719.00 "," ? 10,999.00 "
https://in.puma.com/in/en/pd/velocity-nitro-3-womens-running-shoes/377749?swatch=15,Puma,Velocity NITRO™ 3 Women's Running Shoes," ? 10,399.00 "," ? 12,999.00 "
https://in.puma.com/in/en/pd/mostro-og-sneakers/397330?swatch=11,Puma,Mostro OG Sneakers," ? 7,499.00 "," ? 9,999.00 "
https://in.puma.com/in/en/pd/softride-enzo-evo-womens-lightweight-running-shoes/312084?swatch=04,Puma,Softride Enzo Evo Women's Lightweight Running Shoes," ? 5,599.00 "," ? 6,999.00 "
https://in.puma.com/in/en/pd/foreverrun-nitro-womens-running-shoes/377758?swatch=22,Puma,ForeverRun NITRO™ Women's Running Shoes," ? 11,999.00 "," ? 14,999.00 "
https://in.puma.com/in/en/pd/lafrance-rnr-basketball-shoes/312274?swatch=02,Puma,LaFrancé RNR Basketball Shoes,," ? 11,999.00 "
https://in.puma.com/in/en/pd/cell-thrill-womens-comfort-running-shoes/312086?swatch=01,Puma,Cell Thrill Women's Comfort Running Shoes,," ? 5,499.00 "
https://in.puma.com/in/en/pd/fast-trac-nitro-womens-trail-running-shoes/377046?swatch=09,Puma,Fast-Trac NITRO™ Women's Trail Running Shoes," ? 8,799.00 "," ? 10,999.00 "
https://in.puma.com/in/en/pd/bmw-m-motorsport-electron-e-pro-sneakers/308960?swatch=01,Puma,BMW M Motorsport Electron E Pro Sneakers,," ? 6,999.00 "
https://in.puma.com/in/en/pd/softride-premier-glideknit-walking-shoes/312706?swatch=04,Puma,Softride Premier GlideKnit Walking Shoes," ? 4,399.00 "," ? 5,499.00 "
https://in.puma.com/in/en/pd/rs-x-toys-sneakers/369449?swatch=24,Puma,RS-X Toys Sneakers," ? 5,719.00 "," ? 10,999.00 "
https://in.puma.com/in/en/pd/long-distance-nitro-elite-3-spike-running-shoes/311981?swatch=01,Puma,Long Distance NITRO™ Elite 3 Spike Running Shoes,," ? 14,999.00 "
https://in.puma.com/in/en/pd/wave-flip-flops/390142?swatch=04,Puma,Wave Flip-Flops," ? 1,159.00 "," ? 1,999.00 "
https://in.puma.com/in/en/pd/eliminate-pro-ii-indoor-sports-shoes/106880?swatch=03,Puma,Eliminate Pro II Indoor Sports Shoes," ? 7,199.00 "," ? 8,999.00 "
https://in.puma.com/in/en/pd/inhale-mens-sneakers/401560?swatch=19,Puma,Inhale Men's Sneakers," ? 8,249.00 "," ? 10,999.00 "
https://in.puma.com/in/en/pd/talon-san-san-gear-leather-shoes/404243?swatch=01,Puma,Talon San San Gear Leather Shoes,," ? 14,499.00 "
https://in.puma.com/in/en/pd/deviate-nitro-elite-3-digitokyo-womens-running-shoes/311918?swatch=01,Puma,Deviate NITRO™ Elite 3 DIGITOKYO Women's Running Shoes,," ? 19,999.00 "
https://in.puma.com/in/en/pd/seriah-womens-running-shoes/310595?swatch=03,Puma,Seriah Women's Running Shoes,," ? 4,499.00 "
https://in.puma.com/in/en/pd/suede-xl-sneakers/395205?swatch=03,Puma,Suede XL Sneakers,," ? 8,999.00 "
https://in.puma.com/in/en/pd/scuderia-ferrari-drift-cat-11-mens-sneakers/308613?swatch=04,Puma,Scuderia Ferrari Drift Cat 11 Men's Sneakers," ? 5,999.00 "," ? 7,999.00 "
https://in.puma.com/in/en/pd/velocity-nitro-2-fade-womens-running-shoes/378527?swatch=01,Puma,Velocity NITRO™ 2 Fade Women's Running Shoes," ? 8,999.00 "," ? 11,999.00 "
https://in.puma.com/in/en/pd/suede-classic-sneakers/399781?swatch=04,Puma,Suede Classic Sneakers,," ? 7,999.00 "
https://in.puma.com/in/en/pd/speedcat-premium-sneakers/403902?swatch=02,Puma,Speedcat Premium Sneakers," ? 8,249.00 "," ? 10,999.00 "
https://in.puma.com/in/en/pd/deviate-nitro-elite-3-x-represent-womens-running-shoes/408494?swatch=01,Puma,Deviate NITRO™ Elite 3 x REPRESENT Women's Running Shoes,," ? 21,999.00 "
https://in.puma.com/in/en/pd/deviate-nitro-elite-3-womens-running-shoes/309810?swatch=09,Puma,Deviate NITRO™ Elite 3 Women's Running Shoes,," ? 19,999.00 "
https://in.puma.com/in/en/pd/carina-2-0-womens-sneakers/401345?swatch=02,Puma,Carina 2.0 Women's Sneakers," ? 2,999.00 "," ? 4,999.00 "
https://in.puma.com/in/en/pd/rs-x-soft-womens-sneakers/404933?swatch=01,Puma,RS-X Soft Women's Sneakers," ? 7,999.00 "," ? 9,999.00 "
https://in.puma.com/in/en/pd/lafrance-rnr-basketball-shoes/312274?swatch=03,Puma,LaFrancé RNR Basketball Shoes,," ? 11,999.00 "
https://in.puma.com/in/en/pd/foreverrun-nitro-womens-running-shoes/377758?swatch=19,Puma,ForeverRun NITRO™ Women's Running Shoes," ? 13,499.00 "," ? 14,999.00 "
https://in.puma.com/in/en/pd/court-point-vulc-perf-v2-sneakers/363685?swatch=01,Puma,Court Point Vulc Perf V2 Sneakers," ? 2,079.00 "," ? 3,999.00 "
https://in.puma.com/in/en/pd/ascenso-sneakers/403307?swatch=01,Puma,Ascenso Sneakers,," ? 6,499.00 "
https://in.puma.com/in/en/pd/wave-womens-flip-flops/395845?swatch=04,Puma,Wave Women's Flip-Flops," ? 1,299.00 "," ? 1,999.00 "
https://in.puma.com/in/en/pd/mostro-og-prime-sneakers/403206?swatch=06,Puma,Mostro OG Prime Sneakers," ? 7,499.00 "," ? 9,999.00 "
https://in.puma.com/in/en/pd/court-shatter-low-sneakers/399844?swatch=07,Puma,Court Shatter Low Sneakers," ? 3,299.00 "," ? 5,999.00 "
https://in.puma.com/in/en/pd/inhale-casual-sneakers/406513?swatch=02,Puma,Inhale Casual Sneakers," ? 7,499.00 "," ? 9,999.00 "
https://in.puma.com/in/en/pd/propio-nitro-womens-running-shoes/311429?swatch=06,Puma,Propio NITRO™ Women's Running Shoes," ? 8,249.00 "," ? 10,999.00 "
https://in.puma.com/in/en/pd/royalcat-memory-foam-womens-slides/396060?swatch=01,Puma,Royalcat Memory Foam Women's Slides,," ? 3,299.00 "
https://in.puma.com/in/en/pd/conduct-pro-lightweight-running-shoes/312076?swatch=06,Puma,Conduct Pro Lightweight Running Shoes," ? 8,099.00 "," ? 8,999.00 "
https://in.puma.com/in/en/pd/the-dagger-basketball-shoes/311353?swatch=13,Puma,The Dagger Basketball Shoes," ? 7,199.00 "," ? 8,999.00 "
https://in.puma.com/in/en/pd/talon-og-retro-inspired-sneakers/402955?swatch=01,Puma,Talon OG Retro Inspired Sneakers," ? 10,399.00 "," ? 12,999.00 "
https://in.puma.com/in/en/pd/scuderia-ferrari-future-cat-og-motorsport-shoes/307889?swatch=02,Puma,Scuderia Ferrari Future Cat OG Motorsport Shoes,," ? 9,999.00 "
https://in.puma.com/in/en/pd/easy-rider-vintage-everyday-comfort-sneakers/399028?swatch=03,Puma,Easy Rider Vintage Everyday Comfort Sneakers," ? 6,399.00 "," ? 7,999.00 "
https://in.puma.com/in/en/pd/velocity-nitro-2-gore-tex-womens-trail-running-shoes/377508?swatch=02,Puma,Velocity NITRO™ 2 GORE-TEX® Women's Trail Running Shoes," ? 10,499.00 "," ? 13,999.00 "
https://in.puma.com/in/en/pd/court-classic-lux-sneakers/404703?swatch=01,Puma,Court Classic Lux Sneakers," ? 4,124.00 "," ? 5,499.00 "
https://in.puma.com/in/en/pd/flymo-injex-flip-flops/399101?swatch=05,Puma,Flymo Injex Flip-Flops, ? 839.00 ," ? 1,399.00 "
https://in.puma.com/in/en/pd/palermo-vintage-sneakers/396841?swatch=01,Puma,Palermo Vintage Sneakers,," ? 6,999.00 "
https://in.puma.com/in/en/pd/hypnotic-sneakers/402210?swatch=04,Puma,Hypnotic Sneakers," ? 5,999.00 "," ? 7,499.00 "
https://in.puma.com/in/en/pd/rebound-future-evo-sneakers/374899?swatch=06,Puma,Rebound Future Evo Sneakers," ? 3,150.00 "," ? 6,999.00 "
https://in.puma.com/in/en/pd/pwr-xx-nitro-luxe-womens-training-shoes/377892?swatch=08,Puma,PWR XX NITRO™ Luxe Women's Training Shoes," ? 8,099.00 "," ? 8,999.00 "
https://in.puma.com/in/en/pd/palermo-moda-womens-leather-sneakers/397738?swatch=01,Puma,Palermo Moda Women's Leather Sneakers,," ? 6,999.00 "
https://in.puma.com/in/en/pd/softride-seave-v1-flip-flops/391841?swatch=06,Puma,SOFTRIDE Seave V1 Flip-Flops,," ? 2,499.00 "
https://in.puma.com/in/en/pd/x-cell-nova-cat-womens-everyday-running-shoes/310686?swatch=11,Puma,X-Cell Nova CAT Women's Everyday Running Shoes," ? 5,249.00 "," ? 6,999.00 "
https://in.puma.com/in/en/pd/mostro-unlined-suede-sneakers/403174?swatch=02,Puma,Mostro Unlined Suede Sneakers," ? 8,249.00 "," ? 10,999.00 "
https://in.puma.com/in/en/pd/softride-carson-hands-free-sliptech-walking-shoes/311724?swatch=09,Puma,Softride Carson Hands-free Sliptech Walking Shoes," ? 3,779.00 "," ? 5,999.00 "
https://in.puma.com/in/en/pd/darter-pro-fade-womens-extreme-lightweight-running-shoes/312091?swatch=02,Puma,Darter Pro Fade Womens Extreme Lightweight Running Shoes," ? 5,249.00 "," ? 6,999.00 "
https://in.puma.com/in/en/pd/velocity-nitro-womens-running-shoes/195697?swatch=11,Puma,Velocity Nitro Women's Running Shoes," ? 8,799.00 "," ? 10,999.00 "
https://in.puma.com/in/en/pd/softride-frequence-womens-running-shoes/310556?swatch=07,Puma,SOFTRIDE Frequence Women's Running Shoes,," ? 7,999.00 "
https://in.puma.com/in/en/pd/arizona-retro-premium-suede-sneakers/402353?swatch=01,Puma,Arizona Retro Premium Suede Sneakers," ? 8,099.00 "," ? 8,999.00 "
https://in.puma.com/in/en/pd/f1-inhale-75-yrs-sneakers/308889?swatch=01,Puma,F1 Inhale 75 YRS Sneakers," ? 8,799.00 "," ? 10,999.00 "
https://in.puma.com/in/en/pd/tori-pixie-femme-womens-casual-sneakers/404564?swatch=03,Puma,Tori Pixie Femme Women's Casual Sneakers," ? 4,499.00 "," ? 5,999.00 "
https://in.puma.com/in/en/pd/speedcat-metallic-sneakers/403689?swatch=01,Puma,Speedcat Metallic Sneakers," ? 7,499.00 "," ? 9,999.00 "
https://in.puma.com/in/en/pd/conduct-pro-running-shoes/379438?swatch=10,Puma,Conduct Pro Running Shoes," ? 5,999.00 "," ? 7,999.00 "
https://in.puma.com/in/en/pd/velocity-nitro-2-womens-running-shoes/376262?swatch=20,Puma,Velocity NITRO™ 2 Women's Running Shoes," ? 8,999.00 "," ? 11,999.00 "
https://in.puma.com/in/en/pd/scuderia-ferrari-hp-speedcat-sneakers/308905?swatch=01,Puma,Scuderia Ferrari HP Speedcat Sneakers,," ? 10,999.00 "
https://in.puma.com/in/en/pd/caven-2-0-seeing-double-sneakers/397478?swatch=01,Puma,Caven 2.0 Seeing Double Sneakers," ? 4,199.00 "," ? 5,999.00 "
https://in.puma.com/in/en/pd/deviate-nitro-3-womens-running-shoes/309708?swatch=04,Puma,Deviate NITRO™ 3 Women's Running Shoes,," ? 15,999.00 "
https://in.puma.com/in/en/pd/inhale-smile-sneakers/402589?swatch=01,Puma,Inhale Smile Sneakers," ? 8,799.00 "," ? 10,999.00 "
https://in.puma.com/in/en/pd/mostro-sneakers/403812?swatch=03,Puma,Mostro Sneakers," ? 9,899.00 "," ? 10,999.00 "
https://in.puma.com/in/en/pd/velocity-nitro-3-womens-running-shoes/379610?swatch=01,Puma,Velocity NITRO™ 3 Women's Running Shoes,," ? 12,999.00 "
https://in.puma.com/in/en/pd/bmw-m-motorsport-a3rokart-mid-sneakers/308235?swatch=04,Puma,BMW M Motorsport A3rokart Mid Sneakers,," ? 9,999.00 "
https://in.puma.com/in/en/pd/style-rider-lumi-womens-colorblock-sneakers/405728?swatch=01,Puma,Style Rider Lumi Women's Colorblock Sneakers," ? 7,999.00 "," ? 9,999.00 "
https://in.puma.com/in/en/pd/profoam-womens-running-shoes/312790?swatch=02,Puma,ProFoam Women's Running Shoes," ? 3,290.00 "," ? 6,999.00 "
https://in.puma.com/in/en/pd/king-indoor-sneakers/401683?swatch=13,Puma,King Indoor Sneakers," ? 8,799.00 "," ? 10,999.00 "
https://in.puma.com/in/en/pd/mayze-leather-womens-sneakers/381983?swatch=02,Puma,Mayze Leather Women's Sneakers," ? 4,799.00 "," ? 7,999.00 "
https://in.puma.com/in/en/pd/electrify-nitro-4-womens-multi-surface-traction-running-shoes/313362?swatch=02,Puma,Electrify NITRO 4 Women's Multi-Surface Traction Running Shoes,," ? 8,999.00 "
https://in.puma.com/in/en/pd/pwr-nitro-sqd-2-womens-training-shoes/310147?swatch=11,Puma,PWR NITRO™ SQD 2 Women's Training Shoes,," ? 12,999.00 "
https://in.puma.com/in/en/pd/pwr-hybrid-womens-training-shoes/310477?swatch=08,Puma,PWR Hybrid Women's Training Shoes," ? 5,999.00 "," ? 7,999.00 "
https://in.puma.com/in/en/pd/kardio-womens-slip-on-sneakers/397136?swatch=02,Puma,Kardio Women's Slip-On Sneakers,," ? 4,499.00 "
https://in.puma.com/in/en/pd/royalcat-comfort-slides/397694?swatch=02,Puma,Royalcat Comfort Slides,," ? 2,799.00 "
https://in.puma.com/in/en/pd/magmax-nitro-womens-maximum-cushioning-running-shoes/310089?swatch=12,Puma,MagMax NITRO™ Women's Maximum Cushioning Running Shoes,," ? 16,999.00 "
https://in.puma.com/in/en/pd/easy-rider-vintage-everyday-comfort-sneakers/399028?swatch=40,Puma,Easy Rider Vintage Everyday Comfort Sneakers," ? 7,199.00 "," ? 7,999.00 "
https://in.puma.com/in/en/pd/deviate-nitro-2-wtrepel-womens-trail-running-shoes/379135?swatch=02,Puma,Deviate NITRO 2 WTRepel Women's Trail Running Shoes," ? 15,299.00 "," ? 16,999.00 "
https://in.puma.com/in/en/pd/foreverrun-nitro-womens-running-shoes/377758?swatch=01,Puma,ForeverRun NITRO™ Women's Running Shoes," ? 14,399.00 "," ? 15,999.00 "
https://in.puma.com/in/en/pd/foreverrun-nitro-knit-womens-running-shoes/379140?swatch=10,Puma,ForeverRun NITRO™ Knit Women's Running Shoes," ? 11,249.00 "," ? 14,999.00 "
https://in.puma.com/in/en/pd/x-ray-2-square-womens-superior-comfort-sneakers/404686?swatch=01,Puma,X-Ray 2 Square Women’s Superior Comfort Sneakers," ? 4,239.00 "," ? 7,999.00 "
https://in.puma.com/in/en/pd/royalcat-memory-foam-slides/396064?swatch=04,Puma,Royalcat Memory Foam Slides,," ? 3,299.00 "
https://in.puma.com/in/en/pd/pwr-nitro-sqd-2-womens-training-shoes/310147?swatch=13,Puma,PWR NITRO™ SQD 2 Women's Training Shoes,," ? 12,999.00 "
https://in.puma.com/in/en/pd/speedcat-elevated-womens-sneakers/403619?swatch=01,Puma,Speedcat Elevated Women's Sneakers,," ? 9,999.00 "
https://in.puma.com/in/en/pd/profoam-womens-running-shoes/312790?swatch=01,Puma,ProFoam Women's Running Shoes," ? 3,290.00 "," ? 6,999.00 "
https://in.puma.com/in/en/pd/royalcat-comfort-softride-womens-slides/396711?swatch=05,Puma,Royalcat Comfort SOFTRIDE Women's Slides," ? 2,099.00 "," ? 2,799.00 "
https://in.puma.com/in/en/pd/puma-r78-retro-sneakers/393910?swatch=12,Puma,PUMA R78 Retro Sneakers," ? 3,179.00 "," ? 5,999.00 "
https://in.puma.com/in/en/pd/flymo-injex-womens-anti-slip-flip-flops/397151?swatch=02,Puma,Flymo Injex Women's Anti-Slip Flip-Flops,," ? 1,399.00 "
https://in.puma.com/in/en/pd/palermo-sneakers/396463?swatch=21,Puma,Palermo Sneakers,," ? 6,999.00 "
https://in.puma.com/in/en/pd/cell-fraction-forcefusion-running-shoes/312674?swatch=04,Puma,Cell Fraction ForceFusion Running Shoes," ? 7,199.00 "," ? 8,999.00 "
https://in.puma.com/in/en/pd/badminton-smash-sprint-indoor-sports-shoes/108127?swatch=04,Puma,Badminton Smash Sprint Indoor Sports Shoes," ? 2,749.00 "," ? 4,999.00 "
https://in.puma.com/in/en/pd/pwrframe-op-1-abstract-sneakers/382649?swatch=01,Puma,PWRFRAME OP-1 Abstract Sneakers," ? 5,719.00 "," ? 10,999.00 "
https://in.puma.com/in/en/pd/royalcatsoftride-cara-womens-flip-flops/397134?swatch=02,Puma,Royalcat Softride Cara Women's Flip-Flops," ? 2,249.00 "," ? 2,499.00 "
https://in.puma.com/in/en/pd/bmw-m-motorsport-leadcat-2-0-logo-slip-ons/309237?swatch=01,Puma,BMW M Motorsport Leadcat 2.0 Logo Slip-ons,," ? 3,799.00 "
https://in.puma.com/in/en/pd/ultra-5-ultimate-fg-football-boots/107683?swatch=04,Puma,ULTRA 5 ULTIMATE FG Football Boots," ? 9,999.00 "," ? 19,999.00 "
https://in.puma.com/in/en/pd/softride-frequence-street-running-shoes/311727?swatch=08,Puma,Softride Frequence Street Running Shoes," ? 4,199.00 "," ? 6,999.00 "
https://in.puma.com/in/en/pd/x-ray-2-square-retro-style-sneakers/402200?swatch=14,Puma,X-Ray 2 Square Retro Style Sneakers," ? 4,239.00 "," ? 7,999.00 "
https://in.puma.com/in/en/pd/deviate-nitro-3-womens-running-shoes/309708?swatch=19,Puma,Deviate NITRO™ 3 Women's Running Shoes,," ? 15,999.00 "
https://in.puma.com/in/en/pd/speedcat-ballet-lux-womens-metallic-leather-shoes/408197?swatch=01,Puma,Speedcat Ballet Lux Women's Metallic Leather Shoes,," ? 6,999.00 "
https://in.puma.com/in/en/pd/accelerate-nitro-sqd-womens-high-rebound-indoor-shoes/108444?swatch=01,Puma,Accelerate NITRO SQD Women's High-Rebound Indoor Shoes,," ? 12,999.00 "
https://in.puma.com/in/en/pd/puma-x-first-mile-velocity-nitro-2-womens-running-shoes/376266?swatch=01,Puma,PUMA x FIRST MILE Velocity NITRO™ 2 Women's Running Shoes," ? 10,399.00 "," ? 12,999.00 "
https://in.puma.com/in/en/pd/palermo-lth-sneakers/396464?swatch=15,Puma,Palermo Lth Sneakers,," ? 6,999.00 "
https://in.puma.com/in/en/pd/majesty-points-in-the-paint-sneakers/312562?swatch=01,Puma,Majesty Points in the Paint Sneakers," ? 7,199.00 "," ? 7,999.00 "
https://in.puma.com/in/en/pd/palermo-elevata-womens-leather-sneakers/400461?swatch=01,Puma,Palermo Elevata Women's Leather Sneakers,," ? 7,999.00 "
https://in.puma.com/in/en/pd/kendall-womens-sneakers/381392?swatch=06,Puma,Kendall Women's Sneakers," ? 2,079.00 "," ? 3,999.00 "
https://in.puma.com/in/en/pd/x-ray-2-square-retro-style-sneakers/402200?swatch=05,Puma,X-Ray 2 Square Retro Style Sneakers," ? 4,239.00 "," ? 7,999.00 "
https://in.puma.com/in/en/pd/velocity-nitro-4-womens-high-cushion-running-shoes/311141?swatch=07,Puma,Velocity NITRO 4 Women's High Cushion Running Shoes,," ? 11,999.00 "
https://in.puma.com/in/en/pd/inhale-mens-sneakers/401560?swatch=20,Puma,Inhale Men's Sneakers," ? 8,249.00 "," ? 10,999.00 "
https://in.puma.com/in/en/pd/arizona-retro-premium-suede-sneakers/402353?swatch=08,Puma,Arizona Retro Premium Suede Sneakers," ? 8,099.00 "," ? 8,999.00 "
https://in.puma.com/in/en/pd/punch-comfort-sneakers/396129?swatch=01,Puma,Punch Comfort Sneakers,," ? 3,299.00 "
https://in.puma.com/in/en/pd/speedcat-og-sneakers/398846?swatch=19,Puma,Speedcat OG Sneakers," ? 7,499.00 "," ? 9,999.00 "
https://in.puma.com/in/en/pd/scuderia-ferrari-drift-cat-decima-2-0-motorsport-sneakers/308395?swatch=05,Puma,Scuderia Ferrari Drift Cat Decima 2.0 Motorsport Sneakers," ? 5,999.00 "," ? 7,999.00 "
https://in.puma.com/in/en/pd/magnify-nitro-3-high-cushion-performance-womens-running-shoes/311047?swatch=06,Puma,Magnify NITRO™ 3 High Cushion Performance Women's Running Shoes," ? 11,249.00 "," ? 14,999.00 "
https://in.puma.com/in/en/pd/softride-seave-sandals/391860?swatch=07,Puma,SOFTRIDE Seave Sandals,," ? 2,999.00 "
https://in.puma.com/in/en/pd/palermo-squid-game-leather-sneakers/403859?swatch=01,Puma,Palermo Squid Game Leather Sneakers,," ? 10,999.00 "
https://in.puma.com/in/en/pd/court-classic-lux-sneakers/404703?swatch=02,Puma,Court Classic Lux Sneakers," ? 4,949.00 "," ? 5,499.00 "
https://in.puma.com/in/en/pd/inverse-parallel-rio-red-casual-sneakers/405820?swatch=01,Puma,Inverse Parallel Rio Red Casual Sneakers," ? 11,199.00 "," ? 13,999.00 "
https://in.puma.com/in/en/pd/popcat-20-shower-slides/391265?swatch=01,Puma,Popcat 20 Shower Slides," ? 1,724.00 "," ? 2,299.00 "
https://in.puma.com/in/en/pd/bmw-m-motorsport-a3rokart-mid-sneakers/308235?swatch=03,Puma,BMW M Motorsport A3rokart Mid Sneakers,," ? 9,999.00 "
https://in.puma.com/in/en/pd/puma-x-aston-martin-aramco-f1-team-inverse-mens-sneakers/309110?swatch=02,Puma,PUMA x ASTON MARTIN ARAMCO F1® TEAM Inverse Men's Sneakers,," ? 11,999.00 "
https://in.puma.com/in/en/pd/palermo-club-vegas-leather-sneakers/404669?swatch=01,Puma,Palermo Club Vegas Leather Sneakers,," ? 9,999.00 "
https://in.puma.com/in/en/pd/bmw-m-motorsport-drift-cat-decima-2-0-sneakers/308359?swatch=01,Puma,BMW M Motorsport Drift Cat Decima 2.0 Sneakers," ? 4,399.00 "," ? 7,999.00 "
https://in.puma.com/in/en/pd/ca-pro-classic-leather-sneakers/402538?swatch=05,Puma,CA Pro Classic Leather Sneakers," ? 5,999.00 "," ? 7,999.00 "
https://in.puma.com/in/en/pd/scend-progressive-running-shoes/312107?swatch=02,Puma,Scend Progressive Running Shoes," ? 4,499.00 "," ? 5,999.00 "
https://in.puma.com/in/en/pd/puma-x-represent-king-indoor-sneakers/403454?swatch=01,Puma,PUMA x REPRESENT KING Indoor Sneakers," ? 9,599.00 "," ? 11,999.00 "
https://in.puma.com/in/en/pd/softride-enzo-evo-womens-lightweight-running-shoes/312084?swatch=05,Puma,Softride Enzo Evo Women's Lightweight Running Shoes," ? 5,599.00 "," ? 6,999.00 "
https://in.puma.com/in/en/pd/bmw-m-motorsport-inverse-sneakers/308920?swatch=01,Puma,BMW M Motorsport Inverse Sneakers," ? 8,999.00 "," ? 11,999.00 "
https://in.puma.com/in/en/pd/shuffle-mid-sneakers/380748?swatch=03,Puma,Shuffle Mid Sneakers," ? 3,000.00 "," ? 5,999.00 "
https://in.puma.com/in/en/pd/razz-womens-running-shoes/310598?swatch=02,Puma,Razz Women's Running Shoes,," ? 2,999.00 "
https://in.puma.com/in/en/pd/ca-pro-mid-sneakers/386759?swatch=01,Puma,Ca Pro Mid Sneakers," ? 5,000.00 "," ? 9,999.00 "
https://in.puma.com/in/en/pd/softride-pro-echo-consonance-womens-running-shoes/310913?swatch=03,Puma,Softride Pro Echo Consonance Women's Running Shoes," ? 4,499.00 "," ? 5,999.00 "
https://in.puma.com/in/en/pd/speedcat-metallic-sneakers/403689?swatch=02,Puma,Speedcat Metallic Sneakers," ? 7,499.00 "," ? 9,999.00 "
https://in.puma.com/in/en/pd/ascenso-sneakers/403307?swatch=03,Puma,Ascenso Sneakers,," ? 6,499.00 "
https://in.puma.com/in/en/pd/slipstream-sportstyle-sneakers/404690?swatch=01,Puma,Slipstream Sportstyle Sneakers," ? 7,199.00 "," ? 8,999.00 "
https://in.puma.com/in/en/pd/v-s2-libero-everyday-sneakers/403280?swatch=02,Puma,V-S2 Libero Everyday Sneakers," ? 7,199.00 "," ? 8,999.00 "
https://in.puma.com/in/en/pd/suede-moccasin-casual-sneakers/401035?swatch=01,Puma,Suede Moccasin Casual Sneakers,," ? 10,999.00 "
https://in.puma.com/in/en/pd/velocity-nitro-4-hyrox-womens-running-shoes/311912?swatch=01,Puma,Velocity NITRO™ 4 HYROX Women's Running Shoes,," ? 12,999.00 "
https://in.puma.com/in/en/pd/king-ultimate-fg-ag-football-boots/107809?swatch=03,Puma,KING ULTIMATE FG/AG Football Boots," ? 12,599.00 "," ? 17,999.00 "
https://in.puma.com/in/en/pd/deviate-nitro-womens-running-shoes/194453?swatch=12,Puma,Deviate Nitro Women's Running Shoes," ? 11,999.00 "," ? 14,999.00 "
https://in.puma.com/in/en/pd/scuderia-ferrari-palermo-sneakers/308899?swatch=01,Puma,Scuderia Ferrari Palermo Sneakers,," ? 7,999.00 "
https://in.puma.com/in/en/pd/pwr-hybrid-multi-surface-grip-training-shoes/310282?swatch=12,Puma,PWR Hybrid Multi-Surface Grip Training Shoes," ? 5,999.00 "," ? 7,999.00 "
https://in.puma.com/in/en/pd/skyrocket-lite-womens-running-shoes/312785?swatch=02,Puma,Skyrocket Lite Women's Running Shoes," ? 3,499.00 "," ? 4,999.00 "
https://in.puma.com/in/en/pd/leadcat-2-0-slides/395229?swatch=06,Puma,Leadcat 2.0 Slides," ? 1,624.00 "," ? 2,499.00 "
https://in.puma.com/in/en/pd/velocity-nitro-womens-running-shoes/195697?swatch=06,Puma,Velocity Nitro Women's Running Shoes," ? 8,799.00 "," ? 10,999.00 "
https://in.puma.com/in/en/pd/leadcat-2-0-slides/395229?swatch=04,Puma,Leadcat 2.0 Slides," ? 1,499.00 "," ? 2,499.00 "
https://in.puma.com/in/en/pd/flymo-injex-womens-anti-slip-flip-flops/397151?swatch=03,Puma,Flymo Injex Women's Anti-Slip Flip-Flops,," ? 1,399.00 "
https://in.puma.com/in/en/pd/velocity-nitro-4-womens-high-cushion-running-shoes/311141?swatch=03,Puma,Velocity NITRO 4 Women's High Cushion Running Shoes,," ? 11,999.00 "
https://in.puma.com/in/en/pd/palermo-moda-selva-womens-sneakers/401435?swatch=01,Puma,Palermo Moda Selva Women's Sneakers,," ? 6,999.00 "
https://in.puma.com/in/en/pd/bmw-m-motorsport-drift-cat-11-sneakers/308614?swatch=02,Puma,BMW M Motorsport Drift Cat 11 Sneakers,," ? 7,999.00 "
https://in.puma.com/in/en/pd/rs-x-soft-womens-sneakers/404933?swatch=02,Puma,RS-X Soft Women's Sneakers," ? 7,999.00 "," ? 9,999.00 "
https://in.puma.com/in/en/pd/magmax-nitro-womens-maximum-cushioning-running-shoes/310089?swatch=02,Puma,MagMax NITRO™ Women's Maximum Cushioning Running Shoes,," ? 17,999.00 "
https://in.puma.com/in/en/pd/palermo-sneakers/402692?swatch=06,Puma,Palermo Sneakers,," ? 6,999.00 "
https://in.puma.com/in/en/pd/cell-fraction-forcefusion-running-shoes/312674?swatch=05,Puma,Cell Fraction ForceFusion Running Shoes," ? 7,199.00 "," ? 8,999.00 "
https://in.puma.com/in/en/pd/smashic-comfort-casual-sneakers/394371?swatch=01,Puma,Smashic Comfort Casual Sneakers," ? 2,250.00 "," ? 4,499.00 "
https://in.puma.com/in/en/pd/rs-x-heritage-sneakers/398210?swatch=02,Puma,RS-X Heritage Sneakers," ? 6,599.00 "," ? 10,999.00 "
https://in.puma.com/in/en/pd/snowbae-womens-platform-boots/393920?swatch=04,Puma,Snowbae Women's Platform Boots," ? 5,249.00 "," ? 7,499.00 "
https://in.puma.com/in/en/pd/softride-seave-sandals/391859?swatch=01,Puma,SOFTRIDE Seave Sandals," ? 2,799.00 "," ? 3,499.00 "
https://in.puma.com/in/en/pd/rs-x3-wh-sneakers/373308?swatch=01,Puma,RS-X³ WH Sneakers," ? 5,199.00 "," ? 9,999.00 "
https://in.puma.com/in/en/pd/speedcat-lux-suede-sneakers/408198?swatch=02,Puma,Speedcat Lux Suede Sneakers,," ? 9,999.00 "
https://in.puma.com/in/en/pd/ca-pro-classic-leather-sneakers/402538?swatch=10,Puma,CA Pro Classic Leather Sneakers," ? 5,999.00 "," ? 7,999.00 "
https://in.puma.com/in/en/pd/foreverrun-nitro-womens-running-shoes/377758?swatch=09,Puma,ForeverRun NITRO™ Women's Running Shoes," ? 12,799.00 "," ? 15,999.00 "
https://in.puma.com/in/en/pd/softride-frequence-running-shoes/310500?swatch=01,Puma,SOFTRIDE Frequence Running Shoes,," ? 7,999.00 "
https://in.puma.com/in/en/pd/mostro-unisex-sneakers/397331?swatch=02,Puma,Mostro Unisex Sneakers," ? 7,499.00 "," ? 9,999.00 "
https://in.puma.com/in/en/pd/deviate-nitro-elite-3-womens-running-shoes/309810?swatch=07,Puma,Deviate NITRO™ Elite 3 Women's Running Shoes,," ? 19,999.00 "
https://in.puma.com/in/en/pd/palermo-sneakers/396463?swatch=22,Puma,Palermo Sneakers,," ? 6,999.00 "
https://in.puma.com/in/en/pd/cirque-slip-on-womens-shoes/311846?swatch=01,Puma,Cirque Slip-On Women's Shoes,," ? 3,799.00 "
https://in.puma.com/in/en/pd/speedcat-suede-cafe-womens-ballet-shoes/406758?swatch=02,Puma,Speedcat Suede Cafe Women's Ballet Shoes,," ? 6,999.00 "
https://in.puma.com/in/en/pd/softridepro-leadpuff-womens-slides/311793?swatch=02,Puma,SoftridePro Leadpuff Women's Slides,," ? 3,499.00 "
https://in.puma.com/in/en/pd/fenty-x-puma-avanti-c-sneakers/398671?swatch=01,Puma,FENTY x PUMA AVANTI C Sneakers,," ? 14,999.00 "
https://in.puma.com/in/en/pd/softride-premier-glideknit-walking-shoes/312706?swatch=05,Puma,Softride Premier GlideKnit Walking Shoes," ? 4,124.00 "," ? 5,499.00 "
https://in.puma.com/in/en/pd/lafrance-rnr-basketball-shoes/312274?swatch=01,Puma,LaFrancé RNR Basketball Shoes," ? 8,999.00 "," ? 11,999.00 "
https://in.puma.com/in/en/pd/softride-enzo-evo-womens-lightweight-running-shoes/312084?swatch=01,Puma,Softride Enzo Evo Women's Lightweight Running Shoes," ? 5,249.00 "," ? 6,999.00 "
https://in.puma.com/in/en/pd/flexpro-womens-sneakers/398976?swatch=01,Puma,FlexPro Women's Sneakers," ? 3,199.00 "," ? 3,999.00 "
https://in.puma.com/in/en/pd/foreverrun-nitro-womens-running-shoes/377758?swatch=03,Puma,ForeverRun NITRO™ Women's Running Shoes," ? 12,799.00 "," ? 15,999.00 "
https://in.puma.com/in/en/pd/mayze-classic-womens-sneakers/384209?swatch=02,Puma,Mayze Classic Women's Sneakers," ? 4,159.00 "," ? 7,999.00 "
https://in.puma.com/in/en/pd/inverse-halloween-sneakers/404365?swatch=01,Puma,Inverse Halloween Sneakers," ? 9,599.00 "," ? 11,999.00 "
https://in.puma.com/in/en/pd/speedcat-paris-womens-sneakers/403810?swatch=01,Puma,Speedcat Paris Women's Sneakers," ? 9,749.00 "," ? 12,999.00 "
https://in.puma.com/in/en/pd/propella-womens-sneakers/395844?swatch=04,Puma,Propella Women's Sneakers," ? 2,624.00 "," ? 3,499.00 "
https://in.puma.com/in/en/pd/leadcat-2-0-slides/395229?swatch=01,Puma,Leadcat 2.0 Slides," ? 1,499.00 "," ? 2,499.00 "
https://in.puma.com/in/en/pd/the-dagger-basketball-shoes/311353?swatch=14,Puma,The Dagger Basketball Shoes," ? 7,199.00 "," ? 8,999.00 "
https://in.puma.com/in/en/pd/speedcat-sneakers/406329?swatch=53,Puma,Speedcat Sneakers," ? 7,499.00 "," ? 9,999.00 "
https://in.puma.com/in/en/pd/softride-mayve-womens-running-shoes/310160?swatch=03,Puma,SOFTRIDE Mayve Women's Running Shoes,," ? 5,499.00 "
https://in.puma.com/in/en/pd/ca-pro-classic-leather-sneakers/402538?swatch=02,Puma,CA Pro Classic Leather Sneakers," ? 5,999.00 "," ? 7,999.00 "
https://in.puma.com/in/en/pd/x-ray-2-square-retro-style-sneakers/402200?swatch=07,Puma,X-Ray 2 Square Retro Style Sneakers," ? 4,239.00 "," ? 7,999.00 "
https://in.puma.com/in/en/pd/evospeed-sprint-14-5-spikes-track-and-field-running-shoes/310706?swatch=02,Puma,evoSPEED Sprint 14.5 Spikes Track and Field Running Shoes," ? 4,799.00 "," ? 7,999.00 "
https://in.puma.com/in/en/pd/royalcat-comfort-softride-womens-slides/396711?swatch=04,Puma,Royalcat Comfort SOFTRIDE Women's Slides," ? 2,519.00 "," ? 2,799.00 "
https://in.puma.com/in/en/pd/inverse-upgrade-unisex-sneakers/401754?swatch=01,Puma,Inverse Upgrade Unisex Sneakers,," ? 11,999.00 "
https://in.puma.com/in/en/pd/easy-rider-vintage-womens-sneakers/400773?swatch=11,Puma,Easy Rider Vintage Women's Sneakers," ? 5,999.00 "," ? 7,999.00 "
https://in.puma.com/in/en/pd/scuderia-ferrari-hp-speedcat-sneakers/308905?swatch=02,Puma,Scuderia Ferrari HP Speedcat Sneakers,," ? 10,999.00 "
https://in.puma.com/in/en/pd/deviate-nitro-3-hyrox-womens-max-cushion-running-shoes/312294?swatch=01,Puma,Deviate NITRO 3 HYROX Women's Max Cushion Running Shoes,," ? 15,999.00 "
https://in.puma.com/in/en/pd/softride-pro-24-v-slides/401121?swatch=01,Puma,Softride Pro 24 V Slides," ? 2,659.00 "," ? 3,799.00 "
https://in.puma.com/in/en/pd/puma-x-aston-martin-aramco-f1-team-inverse-mens-sneakers/309110?swatch=01,Puma,PUMA x ASTON MARTIN ARAMCO F1® TEAM Inverse Men's Sneakers,," ? 11,999.00 "
https://in.puma.com/in/en/pd/ferrari-mostro-20-yrs-of-red-leather-shoes/309260?swatch=01,Puma,Ferrari Mostro 20 Yrs of Red Leather Shoes,," ? 10,999.00 "
https://in.puma.com/in/en/pd/suede-classic-sneakers/399781?swatch=15,Puma,Suede Classic Sneakers,," ? 7,999.00 "
https://in.puma.com/in/en/pd/speedcat-pearlized-womens-ballet-shoes/404264?swatch=01,Puma,Speedcat Pearlized Women's Ballet Shoes,," ? 8,999.00 "
https://in.puma.com/in/en/pd/softride-mayve-womens-running-shoes/310160?swatch=23,Puma,SOFTRIDE Mayve Women's Running Shoes,," ? 5,499.00 "
https://in.puma.com/in/en/pd/leadcat-2-0-palermo-foil-slides/399041?swatch=07,Puma,Leadcat 2.0 Palermo Foil Slides,," ? 3,999.00 "
https://in.puma.com/in/en/pd/pwr-nitro-sqd-womens-training-shoes/378688?swatch=02,Puma,PWR NITRO™ SQD Women's Training Shoes," ? 10,799.00 "," ? 11,999.00 "
https://in.puma.com/in/en/pd/palermo-sneakers/402692?swatch=01,Puma,Palermo Sneakers,," ? 6,999.00 "
https://in.puma.com/in/en/pd/badminton-smash-sprint-indoor-sports-shoes/109304?swatch=01,Puma,Badminton Smash Sprint Indoor Sports Shoes," ? 2,749.00 "," ? 4,999.00 "
https://in.puma.com/in/en/pd/darter-pro-fade-womens-extreme-lightweight-running-shoes/312091?swatch=01,Puma,Darter Pro Fade Womens Extreme Lightweight Running Shoes," ? 5,249.00 "," ? 6,999.00 "
https://in.puma.com/in/en/pd/mb-05-rick--morty-basketball-shoes/312130?swatch=01,Puma,MB.05 Rick & Morty Basketball Shoes,," ? 13,999.00 "
https://in.puma.com/in/en/pd/galaxis-pro-womens-performance-boost-running-shoes/311839?swatch=02,Puma,Galaxis Pro Women's Performance Boost Running Shoes," ? 4,409.00 "," ? 6,999.00 "
https://in.puma.com/in/en/pd/conduct-pro-womens-running-shoes/310315?swatch=12,Puma,Conduct Pro Women's Running Shoes," ? 5,624.00 "," ? 7,499.00 "
https://in.puma.com/in/en/pd/wave-flip-flops/390142?swatch=10,Puma,Wave Flip-Flops," ? 1,159.00 "," ? 1,999.00 "
https://in.puma.com/in/en/pd/pacific-maze-womens-sneakers/375499?swatch=11,Puma,Pacific Maze Women's Sneakers," ? 2,199.00 "," ? 3,999.00 "
https://in.puma.com/in/en/pd/softride-enzo-evo-running-shoes/312074?swatch=01,Puma,Softride Enzo Evo Running Shoes," ? 5,599.00 "," ? 6,999.00 "
https://in.puma.com/in/en/pd/smashic-womens-comfort-casual-sneakers/395111?swatch=02,Puma,Smashic Women's Comfort Casual Sneakers," ? 2,699.00 "," ? 4,499.00 "
https://in.puma.com/in/en/pd/cali-court-match-womens-sneakers/393094?swatch=02,Puma,Cali Court Match Women's Sneakers," ? 4,959.00 "," ? 7,999.00 "
https://in.puma.com/in/en/pd/the-dagger-basketball-shoes/311353?swatch=11,Puma,The Dagger Basketball Shoes," ? 7,199.00 "," ? 8,999.00 "
https://in.puma.com/in/en/pd/majesty-dylan-verse-sneakers/403960?swatch=01,Puma,Majesty Dylan Verse Sneakers," ? 7,199.00 "," ? 7,999.00 "
https://in.puma.com/in/en/pd/royalcat-softride-thong-strap-womens-flip-flops/396472?swatch=01,Puma,Royalcat Softride Thong-Strap Women's Flip Flops,," ? 2,499.00 "
https://in.puma.com/in/en/pd/softride-pegasi-knit-womens-slip-on-shoes/310651?swatch=04,Puma,Softride Pegasi Knit Women's Slip-On Shoes," ? 4,049.00 "," ? 4,499.00 "
https://in.puma.com/in/en/pd/bmw-m-motorsport-trinity-2-sneakers/309287?swatch=04,Puma,BMW M Motorsport Trinity 2 Sneakers," ? 6,749.00 "," ? 8,999.00 "
https://in.puma.com/in/en/pd/smashic-comfort-casual-sneakers/394371?swatch=02,Puma,Smashic Comfort Casual Sneakers," ? 2,250.00 "," ? 4,499.00 "
https://in.puma.com/in/en/pd/ceres-womens-slides/394629?swatch=01,Puma,Ceres Women's Slides," ? 1,624.00 "," ? 2,499.00 "
https://in.puma.com/in/en/pd/purecat-slides/360262?swatch=01,Puma,Purecat Slides," ? 1,359.00 "," ? 1,699.00 "
https://in.puma.com/in/en/pd/softride-sophia-2-womens-slip-on-shoes/311886?swatch=03,Puma,Softride Sophia 2 Women's Slip-On Shoes," ? 4,399.00 "," ? 5,499.00 "
https://in.puma.com/in/en/pd/x--ray-airflex-womens-sneakers/399810?swatch=03,Puma,X- Ray Airflex Women's Sneakers,," ? 4,999.00 "
https://in.puma.com/in/en/pd/speedcat-plus-leather-sneakers/404376?swatch=01,Puma,Speedcat Plus Leather Sneakers," ? 8,249.00 "," ? 10,999.00 "
https://in.puma.com/in/en/pd/accelerate-pro-4-multi-traction-indoor-badminton-shoes/108442?swatch=02,Puma,Accelerate Pro 4 Multi-Traction Indoor Badminton Shoes,," ? 8,999.00 "
https://in.puma.com/in/en/pd/leadcat-2-0-slides/395229?swatch=05,Puma,Leadcat 2.0 Slides," ? 1,624.00 "," ? 2,499.00 "
https://in.puma.com/in/en/pd/suede-classic-sneakers/399781?swatch=02,Puma,Suede Classic Sneakers,," ? 7,999.00 "
https://in.puma.com/in/en/pd/velocity-nitro-2-womens-running-shoes/376262?swatch=19,Puma,Velocity NITRO™ 2 Women's Running Shoes," ? 8,999.00 "," ? 11,999.00 "
https://in.puma.com/in/en/pd/conduct-pro-lightweight-running-shoes/312076?swatch=07,Puma,Conduct Pro Lightweight Running Shoes," ? 7,199.00 "," ? 8,999.00 "
https://in.puma.com/in/en/pd/palermo-sneakers/402692?swatch=02,Puma,Palermo Sneakers,," ? 6,999.00 "
https://in.puma.com/in/en/pd/speedcat-og-sneakers/398846?swatch=40,Puma,Speedcat OG Sneakers," ? 7,499.00 "," ? 9,999.00 "
https://in.puma.com/in/en/pd/bmw-m-motorsport-drift-cat-11-sneakers/308614?swatch=01,Puma,BMW M Motorsport Drift Cat 11 Sneakers,," ? 7,999.00 "
https://in.puma.com/in/en/pd/puma-x-aston-martin-aramco-f1-team-drift-cat-11-motorsport-sneakers/309105?swatch=01,Puma,PUMA x ASTON MARTIN ARAMCO F1® TEAM Drift Cat 11 Motorsport Sneakers,," ? 7,999.00 "
https://in.puma.com/in/en/pd/fenty-x-puma-avanti-l-sneakers/398352?swatch=02,Puma,FENTY x PUMA AVANTI L Sneakers,," ? 14,999.00 "
https://in.puma.com/in/en/pd/nova-court-high-traction-padel-tennis-shoes/108740?swatch=01,Puma,NOVA Court High-Traction Padel-Tennis Shoes," ? 5,999.00 "," ? 7,499.00 "
https://in.puma.com/in/en/pd/galaxy-comfort-v4-flip-flops/388831?swatch=04,Puma,Galaxy Comfort V4 Flip-Flops,," ? 2,299.00 "
https://in.puma.com/in/en/pd/palermo-classic-comfort-low-boot-sneakers/402693?swatch=09,Puma,Palermo Classic Comfort Low Boot Sneakers," ? 5,249.00 "," ? 6,999.00 "
https://in.puma.com/in/en/pd/mayze-leather-womens-sneakers/381983?swatch=01,Puma,Mayze Leather Women's Sneakers," ? 3,760.00 "," ? 7,999.00 "
https://in.puma.com/in/en/pd/speedcat-seoul-womens-sneakers/403809?swatch=01,Puma,Speedcat Seoul Women's Sneakers," ? 9,749.00 "," ? 12,999.00 "
https://in.puma.com/in/en/pd/electrify-nitro-4-womens-everyday-running-shoes/310788?swatch=18,Puma,Electrify NITRO™ 4 Women's Everyday Running Shoes,," ? 8,999.00 "
https://in.puma.com/in/en/pd/talon-og-retro-inspired-sneakers/402955?swatch=02,Puma,Talon OG Retro Inspired Sneakers," ? 11,699.00 "," ? 12,999.00 "
https://in.puma.com/in/en/pd/fenty-x-puma-avanti-l-sneakers/398352?swatch=03,Puma,FENTY x PUMA AVANTI L Sneakers,," ? 14,999.00 "
https://in.puma.com/in/en/pd/puma-x-ripndip-inverse-sneakers/403649?swatch=01,Puma,PUMA x RIPNDIP Inverse Sneakers," ? 9,599.00 "," ? 11,999.00 "
https://in.puma.com/in/en/pd/palermo-sneakers/402692?swatch=11,Puma,Palermo Sneakers,," ? 6,999.00 "
https://in.puma.com/in/en/pd/silvia-womens-flip-flops/391269?swatch=02,Puma,Silvia Women's Flip-Flops," ? 2,069.00 "," ? 2,299.00 "
https://in.puma.com/in/en/pd/palermo-sneakers/396463?swatch=23,Puma,Palermo Sneakers,," ? 6,999.00 "
https://in.puma.com/in/en/pd/speedcat-plus-sneakers/402995?swatch=02,Puma,Speedcat Plus Sneakers,," ? 10,999.00 "
https://in.puma.com/in/en/pd/st-runner-v3-l-sneakers/384855?swatch=05,Puma,ST Runner v3 L Sneakers," ? 4,399.00 "," ? 5,499.00 "
https://in.puma.com/in/en/pd/velocity-nitro-2-womens-running-shoes/376262?swatch=07,Puma,Velocity NITRO™ 2 Women's Running Shoes," ? 8,999.00 "," ? 11,999.00 "
https://in.puma.com/in/en/pd/softride-frequence-street-running-shoes/311727?swatch=01,Puma,Softride Frequence Street Running Shoes," ? 3,849.00 "," ? 6,999.00 "
https://in.puma.com/in/en/pd/lafrance-rnr-sneakers/312165?swatch=01,Puma,LaFrancé RNR Sneakers," ? 8,999.00 "," ? 11,999.00 "
https://in.puma.com/in/en/pd/bmw-m-motorsport-leadcat-2-0-logo-slip-ons/309237?swatch=02,Puma,BMW M Motorsport Leadcat 2.0 Logo Slip-ons,," ? 3,799.00 "
https://in.puma.com/in/en/pd/flamecrest-womens-slip-on-shoes/399419?swatch=03,Puma,Flamecrest Women's Slip-On Shoes,," ? 2,999.00 "
https://in.puma.com/in/en/pd/skyrocket-lite-engineered-running-shoes/310100?swatch=07,Puma,Skyrocket Lite Engineered Running Shoes,," ? 4,999.00 "
https://in.puma.com/in/en/pd/puma-x-sonic-the-hedgehog-inverse-shadow-shoes/403646?swatch=01,Puma,PUMA x Sonic the Hedgehog Inverse Shadow Shoes," ? 9,599.00 "," ? 11,999.00 "
https://in.puma.com/in/en/pd/bmw-m-motorsport-ca-pro-shoes/308959?swatch=01,Puma,BMW M Motorsport CA Pro Shoes," ? 6,749.00 "," ? 8,999.00 "
https://in.puma.com/in/en/pd/softride-carson-hands-free-sliptech-walking-shoes/311724?swatch=10,Puma,Softride Carson Hands-free Sliptech Walking Shoes," ? 3,779.00 "," ? 5,999.00 "
https://in.puma.com/in/en/pd/bmw-m-motorsport-trinity-2-sneakers/309287?swatch=03,Puma,BMW M Motorsport Trinity 2 Sneakers," ? 6,749.00 "," ? 8,999.00 "
https://in.puma.com/in/en/pd/palermo-lth-sneakers/396464?swatch=07,Puma,Palermo Lth Sneakers,," ? 6,999.00 "
https://in.puma.com/in/en/pd/velocity-nitro-2-womens-running-shoes/376262?swatch=15,Puma,Velocity NITRO™ 2 Women's Running Shoes," ? 8,999.00 "," ? 11,999.00 "
https://in.puma.com/in/en/pd/x-cell-nova-fs-running-shoes/310936?swatch=02,Puma,X-Cell Nova FS Running Shoes," ? 5,249.00 "," ? 6,999.00 "
https://in.puma.com/in/en/pd/fenty-x-puma-avanti-vl-sneakers/398672?swatch=02,Puma,FENTY x PUMA AVANTI VL Sneakers,," ? 14,999.00 "
https://in.puma.com/in/en/pd/club-kayzer-superior-cushioning-casual-shoes/402603?swatch=01,Puma,Club Kayzer Superior Cushioning Casual Shoes," ? 4,399.00 "," ? 5,499.00 "
https://in.puma.com/in/en/pd/deviate-nitro-3-marathon-series-womens-running-shoes/310196?swatch=01,Puma,Deviate NITRO™ 3 Marathon Series Women's Running Shoes,," ? 15,999.00 "
https://in.puma.com/in/en/pd/solarflash-iii-indoor-sports-shoes/107850?swatch=05,Puma,Solarflash III Indoor Sports Shoes," ? 5,599.00 "," ? 6,999.00 "
https://in.puma.com/in/en/pd/future-7-ultimate-fg-ag-womens-football-boots/107917?swatch=03,Puma,FUTURE 7 ULTIMATE FG/AG Women's Football Boots," ? 11,999.00 "," ? 19,999.00 "
https://in.puma.com/in/en/pd/carina-slim-perf-womens-sneakers/395829?swatch=01,Puma,Carina Slim Perf Women's Sneakers," ? 3,599.00 "," ? 4,499.00 "
https://in.puma.com/in/en/pd/speedcat-og-sneakers/398846?swatch=02,Puma,Speedcat OG Sneakers,," ? 9,999.00 "
https://in.puma.com/in/en/pd/arizona-retro-premium-suede-sneakers/402353?swatch=09,Puma,Arizona Retro Premium Suede Sneakers," ? 8,099.00 "," ? 8,999.00 "
https://in.puma.com/in/en/pd/fenty-x-puma-creeper-phatty-sneakers/396403?swatch=01,Puma,FENTY x PUMA Creeper Phatty Sneakers,," ? 11,999.00 "
https://in.puma.com/in/en/pd/velocity-nitro-4-womens-high-cushion-running-shoes/311141?swatch=10,Puma,Velocity NITRO 4 Women's High Cushion Running Shoes,," ? 11,999.00 "
https://in.puma.com/in/en/pd/badminton-smash-sprint-indoor-sports-shoes/109304?swatch=04,Puma,Badminton Smash Sprint Indoor Sports Shoes," ? 2,749.00 "," ? 4,999.00 "
https://in.puma.com/in/en/pd/accelerate-nitro-sqd-indoor-shoes/109258?swatch=01,Puma,Accelerate NITRO™ SQD Indoor Shoes,," ? 12,999.00 "
https://in.puma.com/in/en/pd/inhale-urban-explorer-lightweight-sneakers/402879?swatch=01,Puma,Inhale Urban Explorer Lightweight Sneakers," ? 8,799.00 "," ? 10,999.00 "
https://in.puma.com/in/en/pd/speedcat-faded-sneakers/403688?swatch=01,Puma,Speedcat Faded Sneakers,," ? 9,999.00 "
https://in.puma.com/in/en/pd/scend-progressive-running-shoes/310097?swatch=02,Puma,Scend Progressive Running Shoes," ? 5,399.00 "," ? 5,999.00 "
https://in.puma.com/in/en/pd/popcat-20-shower-slides/391265?swatch=02,Puma,Popcat 20 Shower Slides," ? 1,724.00 "," ? 2,299.00 "
https://in.puma.com/in/en/pd/accelerate-nitro-sqd-untamed-indoor-shoes/109257?swatch=01,Puma,Accelerate NITRO™ SQD UNTAMED Indoor Shoes,," ? 12,999.00 "
https://in.puma.com/in/en/pd/motorsport-ferrari-electron-e-pro-sneakers/308958?swatch=02,Puma,Motorsport Ferrari Electron E Pro Sneakers," ? 3,639.00 "," ? 6,999.00 "
https://in.puma.com/in/en/pd/velocity-nitro-2-wildwash-womens-running-shoes/376265?swatch=01,Puma,Velocity Nitro 2 Wildwash Women's Running Shoes," ? 9,599.00 "," ? 11,999.00 "
https://in.puma.com/in/en/pd/court-shatter-low-sneakers/399844?swatch=01,Puma,Court Shatter Low Sneakers," ? 3,000.00 "," ? 5,999.00 "
https://in.puma.com/in/en/pd/mostro-unisex-sneakers/397331?swatch=01,Puma,Mostro Unisex Sneakers," ? 7,499.00 "," ? 9,999.00 "
https://in.puma.com/in/en/pd/flamecrest-womens-slip-on-shoes/399419?swatch=01,Puma,Flamecrest Women's Slip-On Shoes,," ? 2,999.00 "
https://in.puma.com/in/en/pd/blktop-rider-suede-sneakers/392725?swatch=02,Puma,Blktop Rider Suede Sneakers," ? 8,099.00 "," ? 8,999.00 "
https://in.puma.com/in/en/pd/adelina-womens-ballerina-shoes/395002?swatch=04,Puma,Adelina Women's Ballerina Shoes," ? 2,599.00 "," ? 3,999.00 "
https://in.puma.com/in/en/pd/palermo-sneakers/402692?swatch=09,Puma,Palermo Sneakers,," ? 6,999.00 "
https://in.puma.com/in/en/pd/royalcat-comfort-slides/397694?swatch=01,Puma,Royalcat Comfort Slides,," ? 2,799.00 "
https://in.puma.com/in/en/pd/palermo-moda-ethereal-womens-sneakers/403375?swatch=02,Puma,Palermo Moda Ethereal Women's Sneakers,," ? 6,999.00 "
https://in.puma.com/in/en/pd/softride-frequence-running-shoes/310500?swatch=15,Puma,SOFTRIDE Frequence Running Shoes,," ? 7,999.00 "
https://in.puma.com/in/en/pd/puma-x-aston-martin-aramco-f1-team-drift-cat-11-motorsport-sneakers/309105?swatch=02,Puma,PUMA x ASTON MARTIN ARAMCO F1® TEAM Drift Cat 11 Motorsport Sneakers,," ? 7,999.00 "
https://in.puma.com/in/en/pd/mostro-og-prime-sneakers/403206?swatch=09,Puma,Mostro OG Prime Sneakers," ? 7,499.00 "," ? 9,999.00 "
https://in.puma.com/in/en/pd/ceres-womens-slides/394629?swatch=02,Puma,Ceres Women's Slides," ? 2,249.00 "," ? 2,499.00 "
https://in.puma.com/in/en/pd/galaxis-pro-womens-performance-boost-running-shoes/311839?swatch=01,Puma,Galaxis Pro Women's Performance Boost Running Shoes," ? 4,409.00 "," ? 6,999.00 "
https://in.puma.com/in/en/pd/silvia-womens-flip-flops/391269?swatch=03,Puma,Silvia Women's Flip-Flops," ? 2,069.00 "," ? 2,299.00 "
https://in.puma.com/in/en/pd/popcat-20-slides/391262?swatch=05,Puma,Popcat 20 Slides,," ? 1,999.00 "
https://in.puma.com/in/en/pd/puma-x-first-mile-velocity-nitro-2-womens-running-shoes/377292?swatch=02,Puma,PUMA x FIRST MILE Velocity NITRO™ 2 Women's Running Shoes," ? 10,399.00 "," ? 12,999.00 "
https://in.puma.com/in/en/pd/puma-x-kidsuper-palermo-sneakers/397306?swatch=04,Puma,PUMA x KidSuper Palermo Sneakers,," ? 7,999.00 "
https://in.puma.com/in/en/pd/carina-slim-perf-womens-sneakers/395829?swatch=02,Puma,Carina Slim Perf Women's Sneakers," ? 3,599.00 "," ? 4,499.00 "
https://in.puma.com/in/en/pd/fenty-x-puma-avanti-l-sneakers/398352?swatch=01,Puma,FENTY x PUMA AVANTI L Sneakers,," ? 14,999.00 "
https://in.puma.com/in/en/pd/foreverrun-nitro-knit-womens-running-shoes/379140?swatch=01,Puma,ForeverRun NITRO™ Knit Women's Running Shoes," ? 11,249.00 "," ? 14,999.00 "
https://in.puma.com/in/en/pd/magmax-nitro-womens-maximum-cushioning-running-shoes/310089?swatch=03,Puma,MagMax NITRO™ Women's Maximum Cushioning Running Shoes,," ? 17,999.00 "
https://in.puma.com/in/en/pd/bmw-m-motorsport-softride-2-0-slides/309171?swatch=01,Puma,BMW M Motorsport Softride 2.0 Slides,," ? 4,499.00 "
https://in.puma.com/in/en/pd/wave-flip-flops/390142?swatch=13,Puma,Wave Flip-Flops," ? 1,159.00 "," ? 1,999.00 "
https://in.puma.com/in/en/pd/inhale-distressed-sneakers/404532?swatch=02,Puma,Inhale Distressed Sneakers," ? 8,799.00 "," ? 10,999.00 "
https://in.puma.com/in/en/pd/magnify-nitro-3-high-cushion-performance-womens-running-shoes/311047?swatch=07,Puma,Magnify NITRO™ 3 High Cushion Performance Women's Running Shoes," ? 11,249.00 "," ? 14,999.00 "
https://in.puma.com/in/en/pd/softride-pro-echo-remi-womens-slip-on-shoes/310906?swatch=03,Puma,Softride Pro Echo Remi Women's Slip On Shoes," ? 4,499.00 "," ? 5,999.00 "
https://in.puma.com/in/en/pd/shibusa-slides/401278?swatch=06,Puma,Shibusa Slides,," ? 2,299.00 "
https://in.puma.com/in/en/pd/electrify-nitro-3-womens-running-shoes/378456?swatch=07,Puma,Electrify NITRO™ 3 Women's Running Shoes," ? 6,749.00 "," ? 8,999.00 "
https://in.puma.com/in/en/pd/deviate-nitro-2-womens-running-shoes/376855?swatch=22,Puma,Deviate NITRO™ 2 Women's Running Shoes," ? 11,999.00 "," ? 15,999.00 "
https://in.puma.com/in/en/pd/deviate-nitro-womens-running-shoes/194453?swatch=02,Puma,Deviate Nitro Women's Running Shoes," ? 11,999.00 "," ? 14,999.00 "
https://in.puma.com/in/en/pd/kosmo-rider-v1-womens-sneakers/397169?swatch=03,Puma,KOSMO RIDER V1 Women's Sneakers," ? 5,999.00 "," ? 7,999.00 "
https://in.puma.com/in/en/pd/speedcat-og-sneakers/398846?swatch=50,Puma,Speedcat OG Sneakers," ? 7,499.00 "," ? 9,999.00 "
https://in.puma.com/in/en/pd/softride-seave-sandals/391860?swatch=01,Puma,SOFTRIDE Seave Sandals,," ? 2,999.00 "
https://in.puma.com/in/en/pd/royalcatsoftride-cara-womens-flip-flops/397134?swatch=03,Puma,Royalcat Softride Cara Women's Flip-Flops," ? 2,249.00 "," ? 2,499.00 "
https://in.puma.com/in/en/pd/scuderia-ferrari-drift-cat-11-mens-sneakers/308613?swatch=03,Puma,Scuderia Ferrari Drift Cat 11 Men's Sneakers," ? 5,999.00 "," ? 7,999.00 "
https://in.puma.com/in/en/pd/smashic-womens-comfort-casual-sneakers/395111?swatch=01,Puma,Smashic Women's Comfort Casual Sneakers," ? 2,924.00 "," ? 4,499.00 "
https://in.puma.com/in/en/pd/wave-flip-flops/390142?swatch=01,Puma,Wave Flip-Flops," ? 1,159.00 "," ? 1,999.00 "
https://in.puma.com/in/en/pd/inhale-mens-sneakers/401560?swatch=15,Puma,Inhale Men's Sneakers," ? 8,249.00 "," ? 10,999.00 "
https://in.puma.com/in/en/pd/mostro-sneakers/403812?swatch=01,Puma,Mostro Sneakers," ? 8,249.00 "," ? 10,999.00 "
https://in.puma.com/in/en/pd/easy-rider-leather-sneakers/399029?swatch=02,Puma,Easy Rider Leather Sneakers," ? 7,199.00 "," ? 8,999.00 "
https://in.puma.com/in/en/pd/x--ray-airflex-womens-sneakers/399810?swatch=02,Puma,X- Ray Airflex Women's Sneakers," ? 2,999.00 "," ? 4,999.00 "
https://in.puma.com/in/en/pd/king-ultimate-fg-ag-womens-football-boots/107565?swatch=05,Puma,KING ULTIMATE FG/AG Women's Football Boots," ? 9,879.00 "," ? 18,999.00 "
https://in.puma.com/in/en/pd/bmw-m-motorsport-drift-cat-decima-sneakers/309232?swatch=01,Puma,BMW M Motorsport Drift Cat Decima Sneakers," ? 4,959.00 "," ? 7,999.00 "
https://in.puma.com/in/en/pd/velocity-nitro-2-womens-running-shoes/376262?swatch=01,Puma,Velocity NITRO™ 2 Women's Running Shoes," ? 8,999.00 "," ? 11,999.00 "
https://in.puma.com/in/en/pd/wave-womens-flip-flops/395845?swatch=03,Puma,Wave Women's Flip-Flops," ? 1,199.00 "," ? 1,999.00 "
https://in.puma.com/in/en/pd/f1-speedcat-vegas-motorsport-shoes/309311?swatch=01,Puma,F1 Speedcat Vegas Motorsport Shoes," ? 8,249.00 "," ? 10,999.00 "
https://in.puma.com/in/en/pd/ultra-5-play-it-indoor-court-shoes/107907?swatch=03,Puma,ULTRA 5 PLAY IT Indoor Court Shoes," ? 4,249.00 "," ? 4,999.00 "
https://in.puma.com/in/en/pd/accelerate-nitro-sqd-4-energy-indoor-shoes/108564?swatch=01,Puma,Accelerate NITRO™ SQD 4 ENERGY Indoor Shoes,," ? 12,999.00 "
https://in.puma.com/in/en/pd/x-ray-2-square-retro-style-sneakers/402200?swatch=15,Puma,X-Ray 2 Square Retro Style Sneakers," ? 4,239.00 "," ? 7,999.00 "
https://in.puma.com/in/en/pd/palermo-citrus-sneakers/398381?swatch=01,Puma,Palermo Citrus Sneakers,," ? 7,999.00 "
https://in.puma.com/in/en/pd/slipstream-bball-sneakers/404692?swatch=02,Puma,Slipstream Bball Sneakers," ? 5,999.00 "," ? 7,999.00 "
https://in.puma.com/in/en/pd/mostro-og-sneakers/397330?swatch=17,Puma,Mostro OG Sneakers," ? 7,499.00 "," ? 9,999.00 "
https://in.puma.com/in/en/pd/foreverrun-nitro-2-womens-stability-running-shoes/313364?swatch=01,Puma,ForeverRun NITRO 2 Women's Stability Running Shoes,," ? 14,999.00 "
https://in.puma.com/in/en/pd/scend-progressive-running-shoes/312107?swatch=01,Puma,Scend Progressive Running Shoes," ? 4,499.00 "," ? 5,999.00 "
https://in.puma.com/in/en/pd/bmw-m-motorsport-ca-pro-shoes/308959?swatch=02,Puma,BMW M Motorsport CA Pro Shoes," ? 6,749.00 "," ? 8,999.00 "
https://in.puma.com/in/en/pd/adelina-womens-ballerina-shoes/395002?swatch=01,Puma,Adelina Women's Ballerina Shoes," ? 2,599.00 "," ? 3,999.00 "
https://in.puma.com/in/en/pd/foreverrun-nitro-2-wide-womens-running-shoes/311051?swatch=01,Puma,ForeverRun NITRO™ 2 Wide Women's Running Shoes,," ? 14,999.00 "
https://in.puma.com/in/en/pd/softride-enzo-evo-running-shoes/312074?swatch=04,Puma,Softride Enzo Evo Running Shoes," ? 5,249.00 "," ? 6,999.00 "
https://in.puma.com/in/en/pd/ultra-5-ultimate-fg-football-boots/107683?swatch=03,Puma,ULTRA 5 ULTIMATE FG Football Boots," ? 15,999.00 "," ? 19,999.00 "
https://in.puma.com/in/en/pd/play-loud-suede-xl-sneakers/399777?swatch=01,Puma,PLAY LOUD Suede XL Sneakers," ? 4,500.00 "," ? 8,999.00 "
https://in.puma.com/in/en/pd/softride-enzo-evo-running-shoes/312074?swatch=03,Puma,Softride Enzo Evo Running Shoes," ? 5,249.00 "," ? 6,999.00 "
https://in.puma.com/in/en/pd/smashic-comfort-casual-sneakers/394371?swatch=03,Puma,Smashic Comfort Casual Sneakers," ? 3,374.00 "," ? 4,499.00 "
https://in.puma.com/in/en/pd/tori-pixie-femme-womens-casual-sneakers/404564?swatch=01,Puma,Tori Pixie Femme Women's Casual Sneakers," ? 4,499.00 "," ? 5,999.00 "
https://in.puma.com/in/en/pd/cell-thrill-running-shoes/310168?swatch=02,Puma,Cell Thrill Running Shoes," ? 4,399.00 "," ? 5,499.00 "
https://in.puma.com/in/en/pd/skyrocket-lite-engineered-res-running-shoes/311883?swatch=05,Puma,Skyrocket Lite Engineered Res Running Shoes,," ? 4,999.00 "
https://in.puma.com/in/en/pd/speedcat-og-sneakers/398846?swatch=01,Puma,Speedcat OG Sneakers,," ? 9,999.00 "
https://in.puma.com/in/en/pd/bmw-m-motorsport-electron-e-pro-sneakers/308960?swatch=02,Puma,BMW M Motorsport Electron E Pro Sneakers,," ? 6,999.00 "
https://in.puma.com/in/en/pd/foreverrun-nitro-womens-running-shoes/377758?swatch=05,Puma,ForeverRun NITRO™ Women's Running Shoes," ? 12,799.00 "," ? 15,999.00 "
https://in.puma.com/in/en/pd/blktop-rider-suede-sneakers/392725?swatch=07,Puma,Blktop Rider Suede Sneakers," ? 8,099.00 "," ? 8,999.00 "
https://in.puma.com/in/en/pd/speedcat-plus-sneakers/402995?swatch=03,Puma,Speedcat Plus Sneakers," ? 8,249.00 "," ? 10,999.00 "
https://in.puma.com/in/en/pd/deviate-nitro-elite-3-hyrox-womens-lightweight-running-shoes/312292?swatch=01,Puma,Deviate NITRO Elite 3 HYROX Women's Lightweight Running Shoes,," ? 19,999.00 "
https://in.puma.com/in/en/pd/inverse-cityscape-sneakers/404054?swatch=03,Puma,Inverse Cityscape Sneakers," ? 9,599.00 "," ? 11,999.00 "
https://in.puma.com/in/en/pd/ferrari-ca-pro-leather-sneakers/309283?swatch=01,Puma,Ferrari CA Pro Leather Sneakers," ? 7,199.00 "," ? 8,999.00 "
https://in.puma.com/in/en/pd/palermo-sneakers/402692?swatch=05,Puma,Palermo Sneakers,," ? 6,999.00 "
https://in.puma.com/in/en/pd/foreverrun-nitro-wtr-womens-running-shoes/378473?swatch=01,Puma,ForeverRun NITRO™ WTR Women's Running Shoes," ? 15,299.00 "," ? 16,999.00 "
https://in.puma.com/in/en/pd/mostro-og-sneakers/397330?swatch=15,Puma,Mostro OG Sneakers," ? 7,499.00 "," ? 9,999.00 "
https://in.puma.com/in/en/pd/brasil-retro-look-everyday-sneakers/401048?swatch=07,Puma,Brasil Retro Look Everyday Sneakers," ? 7,999.00 "," ? 9,999.00 "
https://in.puma.com/in/en/pd/slipstream-bball-sneakers/404692?swatch=03,Puma,Slipstream Bball Sneakers," ? 6,399.00 "," ? 7,999.00 "
https://in.puma.com/in/en/pd/electrify-nitro-4-womens-multi-surface-traction-running-shoes/313362?swatch=01,Puma,Electrify NITRO 4 Women's Multi-Surface Traction Running Shoes,," ? 8,999.00 "
https://in.puma.com/in/en/pd/mb-05-world-tour-lightweight-basketball-shoes/312129?swatch=01,Puma,MB.05 World Tour Lightweight Basketball Shoes," ? 10,499.00 "," ? 13,999.00 "
https://in.puma.com/in/en/pd/bmw-m-motorsport-rs-x-sneakers/308933?swatch=01,Puma,BMW M Motorsport RS-X Sneakers," ? 8,249.00 "," ? 10,999.00 "
https://in.puma.com/in/en/pd/inhale-mens-sneakers/401560?swatch=18,Puma,Inhale Men's Sneakers," ? 8,249.00 "," ? 10,999.00 "
https://in.puma.com/in/en/pd/suede-classic-sneakers/399781?swatch=10,Puma,Suede Classic Sneakers,," ? 7,999.00 "
https://in.puma.com/in/en/pd/softride-enzo-evo-womens-lightweight-running-shoes/312084?swatch=02,Puma,Softride Enzo Evo Women's Lightweight Running Shoes," ? 5,249.00 "," ? 6,999.00 "
https://in.puma.com/in/en/pd/wave-flip-flops/390142?swatch=06,Puma,Wave Flip-Flops," ? 1,159.00 "," ? 1,999.00 "
https://in.puma.com/in/en/pd/cruise-rider-silk-road-womens-sneakers/398107?swatch=01,Puma,Cruise Rider Silk Road Women's Sneakers," ? 5,624.00 "," ? 7,499.00 "
https://in.puma.com/in/en/pd/speedcat-sneakers/406329?swatch=54,Puma,Speedcat Sneakers," ? 7,499.00 "," ? 9,999.00 "
https://in.puma.com/in/en/pd/flymo-injex-flip-flops/399101?swatch=01,Puma,Flymo Injex Flip-Flops,," ? 1,399.00 "
https://in.puma.com/in/en/pd/mid-distance-nitro-elite-3-running-spikes-shoes/311855?swatch=01,Puma,Mid Distance NITRO™ Elite 3 Running Spikes Shoes,," ? 16,999.00 "
https://in.puma.com/in/en/pd/speedcat-elevated-womens-sneakers/403619?swatch=02,Puma,Speedcat Elevated Women's Sneakers," ? 7,499.00 "," ? 9,999.00 "
https://in.puma.com/in/en/pd/v-s2-tekno-sneakers/403640?swatch=01,Puma,V-S2 Tekno Sneakers," ? 8,799.00 "," ? 10,999.00 "
https://in.puma.com/in/en/pd/speedcat-plus-quilted-sneakers/403429?swatch=03,Puma,Speedcat Plus Quilted Sneakers," ? 8,249.00 "," ? 10,999.00 "
https://in.puma.com/in/en/pd/arizona-retro-premium-suede-sneakers/402353?swatch=02,Puma,Arizona Retro Premium Suede Sneakers," ? 8,099.00 "," ? 8,999.00 "
https://in.puma.com/in/en/pd/velocity-nitro-2-womens-running-shoes/376262?swatch=18,Puma,Velocity NITRO™ 2 Women's Running Shoes," ? 8,999.00 "," ? 11,999.00 "
https://in.puma.com/in/en/pd/ultra-5-ultimate-fg-womens-football-boots/107691?swatch=03,Puma,ULTRA 5 ULTIMATE FG Women's Football Boots," ? 9,999.00 "," ? 19,999.00 "
https://in.puma.com/in/en/pd/galaxis-pro-womens-performance-boost-running-shoes/311839?swatch=03,Puma,Galaxis Pro Women's Performance Boost Running Shoes," ? 4,899.00 "," ? 6,999.00 "
https://in.puma.com/in/en/pd/speedcat-sneakers/406329?swatch=55,Puma,Speedcat Sneakers," ? 7,499.00 "," ? 9,999.00 "
https://in.puma.com/in/en/pd/x--ray-airflex-womens-sneakers/399810?swatch=01,Puma,X- Ray Airflex Women's Sneakers,," ? 4,999.00 "
https://in.puma.com/in/en/pd/smashic-comfort-casual-sneakers/394371?swatch=07,Puma,Smashic Comfort Casual Sneakers," ? 3,374.00 "," ? 4,499.00 "
https://in.puma.com/in/en/pd/smashic-womens-comfort-casual-sneakers/395111?swatch=04,Puma,Smashic Women's Comfort Casual Sneakers," ? 2,924.00 "," ? 4,499.00 "
